YEAR,MONTH,DAY_OF_MONTH,UNIQUE_CARRIER,FL_NUM,ORIGIN,DEST,DEP_TIME,ARR_TIME,CANCELLED
2018,6,10,AI,AI105,LGA,CVG,0502,1003,False
2018,6,10,AI,AI106,LGA,IAH,0505,0404,False
2018,6,10,AI,AI107,ROC,JFK,0501,0303,False
2018,6,10,AI,AI108,CHS,LGA,0502,0203,False
2018,6,10,AI,AI109,JFK,PDX,0505,0904,False
2018,6,10,AI,AI110,LGA,MSY,0505,0702,False
2018,6,10,AI,AI111,PWM,JFK,0505,0204,False
2018,6,10,AI,AI112,BUF,FLL,0503,0204,False
2018,6,10,AI,AI113,FLL,LGA,0504,0602,False
2018,6,10,AI,AI114,AUS,JFK,0501,0105,False
2018,6,10,AI,AI115,RIC,LGA,0504,1303,False
2018,6,10,AI,AI116,LGB,JFK,0504,0405,False
2018,6,10,AI,AI117,LGA,MSY,0505,0903,False
2018,6,10,AI,AI118,JFK,RSW,0505,0101,False
2018,6,10,AI,AI119,HPN,ATL,0503,1202,False
2018,6,10,AI,AI120,EWR,SYR,0505,1001,False
2018,6,10,AI,AI121,BUF,BWI,0505,0305,False
2018,6,10,AI,AI122,IAD,JFK,0502,0005,False
2018,6,10,AI,AI123,DAL,LGA,0502,1201,False
2018,6,10,AI,AI124,JFK,SEA,0501,1304,False
2018,6,10,AI,AI125,BUF,MCO,0502,0404,False
2018,6,10,AI,AI126,MIA,LGA,0505,0602,False
2018,6,10,AI,AI127,BUF,BWI,0503,0405,False
2018,6,10,AI,AI128,LGA,IND,0505,1101,False
2018,6,10,AI,AI129,JFK,RSW,0503,1203,False
2018,6,10,AI,AI130,LGA,DCA,0501,0101,False
2018,6,10,AI,AI131,SAV,LGA,0501,1005,False
2018,6,10,AI,AI132,MEM,LGA,0501,0003,False
2018,6,10,AI,AI133,ATL,ALB,0503,1304,False
2018,6,10,AI,AI134,AUS,JFK,0504,1201,False
2018,6,10,AI,AI135,EWR,ROC,0502,0802,False
2018,6,10,AI,AI136,SWF,FLL,0503,0602,False
2018,6,10,AI,AI137,ORD,SYR,0503,0802,False
2018,6,10,AI,AI138,BNA,LGA,0501,0702,False
2018,6,10,AI,AI139,BUF,TPA,0504,0804,False
2018,6,10,AI,AI140,ALB,DEN,0504,1203,False
2018,6,10,AI,AI141,DTW,JFK,0505,0804,False
2018,6,10,AI,AI142,LGA,TPA,0503,0904,False
2018,6,10,AI,AI143,DTW,LGA,0502,0301,False
2018,6,10,AI,AI144,PWM,JFK,0504,1104,False
2018,6,10,AI,AI145,MIA,LGA,0505,0604,False
2018,6,10,AI,AI146,BUF,TPA,0505,0203,False
2018,6,10,AI,AI147,FLL,ISP,0505,1203,False
2018,6,10,AI,AI148,EWR,ROC,0505,1101,False
2018,6,10,AI,AI149,IAD,JFK,0504,0501,False
2018,6,10,AI,AI150,BUF,TPA,0502,0803,False
2018,6,10,AI,AI151,LGA,MSN,0502,0403,False
2018,6,10,AI,AI152,SYR,MCO,0505,1004,False
2018,6,10,AI,AI153,BNA,LGA,0502,0703,False
2018,6,10,AI,AI154,DFW,LGA,0504,1304,False
2018,6,10,AI,AI155,SYR,JFK,0503,1204,False
2018,6,10,AI,AI156,ALB,DEN,0503,1001,False
2018,6,10,AI,AI157,JFK,FLL,0502,1205,False
2018,6,10,AI,AI158,BOS,BUF,0502,1205,False
2018,6,10,AI,AI159,LGA,MDW,0501,0704,False
2018,6,10,AI,AI160,JFK,FLL,0502,0105,False
2018,6,10,AI,AI161,SYR,FLL,0503,0705,False
2018,6,10,AI,AI162,CLE,LGA,0502,1102,False
2018,6,10,AI,AI163,LGA,GSO,0502,0306,False
2018,6,10,AI,AI164,SDF,LGA,0502,0502,False
2018,6,10,AI,AI165,ATL,JFK,0503,0406,False
2018,6,10,AI,AI166,TPA,JFK,0505,0503,False
2018,6,10,AI,AI167,RIC,LGA,0502,0006,False
2018,6,10,AI,AI168,HPN,RSW,0502,0206,False
2018,6,10,AI,AI169,SAT,JFK,0506,1202,False
2018,6,10,AI,AI170,LGA,CVG,0506,0604,False
2018,6,10,AI,AI171,AUS,JFK,0504,0704,False
2018,6,10,AI,AI172,ALB,FLL,0504,0905,False
2018,6,10,AI,AI173,ISP,MCO,0503,0002,False
2018,6,10,AI,AI174,LGB,JFK,0504,0103,False
2018,6,10,AI,AI175,HPN,RSW,0505,0505,False
2018,6,10,AI,AI176,PWM,JFK,0505,0703,False
2018,6,10,AI,AI177,JFK,PDX,0506,0604,False
2018,6,10,AI,AI178,ORD,BUF,0503,0602,False
2018,6,10,AI,AI179,CLT,LGA,0502,0406,False
2018,6,10,AI,AI180,SYR,JFK,0502,0502,False
2018,6,10,AI,AI181,ORD,BUF,0503,0604,False
2018,6,10,AI,AI182,CLT,SYR,0503,0602,False
2018,6,10,AI,AI183,ORD,LGA,0505,1205,False
2018,6,10,AI,AI184,BUF,LAS,0504,1103,False
2018,6,10,AI,AI185,LGA,RDU,0506,0606,False
2018,6,10,AI,AI186,MIA,BUF,0504,1204,False
2018,6,10,AI,AI187,ALB,FLL,0505,0502,False
2018,6,10,AI,AI188,LGA,RDU,0503,0905,False
2018,6,10,AI,AI189,CLT,LGA,0506,1004,False
2018,6,10,AI,AI190,JFK,CLT,0505,0704,False
2018,6,10,AI,AI191,ROC,DTW,0503,1305,False
2018,6,10,AI,AI192,DTW,ALB,0503,0002,False
2018,6,10,AI,AI193,MIA,LGA,0502,0004,False
2018,6,10,AI,AI194,ALB,MCO,0505,0804,False
2018,6,10,AI,AI195,ORD,BUF,0505,1105,False
2018,6,10,AI,AI196,BUF,FLL,0505,0904,False
2018,6,10,AI,AI197,ATL,JFK,0502,0503,False
2018,6,10,AI,AI198,TPA,JFK,0504,0502,False
2018,6,10,AI,AI199,JFK,SFO,0506,1005,False
2018,6,10,AI,AI200,ORD,SYR,0505,0605,False
2018,6,10,AI,AI201,CHS,LGA,0505,0805,False
2018,6,10,AI,AI202,JFK,DFW,0503,0904,False
2018,6,10,AI,AI203,BOS,BUF,0506,1106,False
2018,6,10,AI,AI204,LGA,TPA,0503,0104,False
2018,6,10,AI,AI205,MCO,LGA,0506,1004,False
2018,6,10,AI,AI206,SYR,MCO,0505,0403,False
2018,6,10,AI,AI207,LGA,MKE,0506,0104,False
2018,6,10,AI,AI208,EWR,BUF,0503,1006,False
2018,6,10,AI,AI209,ALB,ORD,0505,0603,False
2018,6,10,AI,AI210,ORD,BUF,0504,0405,False
2018,6,10,AI,AI211,ATL,JFK,0505,0802,False
2018,6,10,AI,AI212,BUF,LAS,0502,0005,False
2018,6,10,AI,AI213,BUF,MCO,0503,0002,False
2018,6,10,AI,AI214,ATL,JFK,0504,1006,False
2018,6,10,AI,AI215,SYR,MCO,0505,0504,False
2018,6,10,AI,AI216,ORD,LGA,0502,0402,False
2018,6,10,AI,AI217,ALB,TPA,0505,0902,False
2018,6,10,AI,AI218,BUF,PHX,0502,0502,False
2018,6,10,AI,AI219,JFK,JAC,0503,0906,False
2018,6,10,AI,AI220,ALB,CLT,0505,0403,False
2018,6,10,AI,AI221,JFK,OAK,0505,0603,False
2018,6,10,AI,AI222,XNA,LGA,0505,0706,False
2018,6,10,AI,AI223,LGA,TPA,0504,0802,False
2018,6,10,AI,AI224,LGA,SRQ,0503,1204,False
2018,6,10,AI,AI225,HPN,MCO,0503,1203,False
2018,6,10,AI,AI226,JFK,ABQ,0506,0302,False
2018,6,10,AI,AI227,MIA,BUF,0503,1206,False
2018,6,10,AI,AI228,RSW,BUF,0503,0005,False
2018,6,10,AI,AI229,ALB,FLL,0506,0604,False
2018,6,10,AI,AI230,JFK,SFO,0505,0306,False
2018,6,10,AI,AI231,BGM,DTW,0505,0306,False
2018,6,10,AI,AI232,PBI,HPN,0506,0004,False
2018,6,10,AI,AI233,ROC,JFK,0506,1305,False
2018,6,10,AI,AI234,JFK,PHL,0502,0402,False
2018,6,10,AI,AI235,LGA,ROC,0504,0403,False
2018,6,10,AI,AI236,ALB,CLT,0506,1102,False
2018,6,10,AI,AI237,LGA,RDU,0502,0602,False
2018,6,10,AI,AI238,BUF,MCO,0504,0904,False
2018,6,10,AI,AI239,JFK,SFO,0503,1204,False
2018,6,10,AI,AI240,ALB,BWI,0505,1305,False
2018,6,10,AI,AI241,MCO,ROC,0503,0903,False
2018,6,10,AI,AI242,LGA,SRQ,0504,0106,False
2018,6,10,AI,AI243,ATL,ALB,0504,0907,False
2018,6,10,AI,AI244,CAE,LGA,0504,0603,False
2018,6,10,AI,AI245,BGM,DTW,0503,0003,False
2018,6,10,AI,AI246,ISP,MCO,0505,0505,False
2018,6,10,AI,AI247,CLE,LGA,0506,0205,False
2018,6,10,AI,AI248,ALB,FLL,0503,0706,False
2018,6,10,AI,AI249,ALB,MDW,0506,1207,False
2018,6,10,AI,AI250,DTW,LGA,0504,0303,False
2018,6,10,AI,AI251,JFK,JAC,0507,1303,False
2018,6,10,AI,AI252,HPN,DTW,0505,0806,False
2018,6,10,AI,AI253,CAE,LGA,0507,0904,False
2018,6,10,AI,AI254,LGA,IND,0504,0204,False
2018,6,10,AI,AI255,EWR,ROC,0504,1304,False
2018,6,10,AI,AI256,LGA,DCA,0504,0104,False
2018,6,10,AI,AI257,FLL,LGA,0503,0906,False
2018,6,10,AI,AI258,DTW,ALB,0504,1304,False
2018,6,10,AI,AI259,SWF,FLL,0504,0304,False
2018,6,10,AI,AI260,MSP,LGA,0507,1305,False
2018,6,10,AI,AI261,ORD,SYR,0506,0903,False
2018,6,10,AI,AI262,JFK,RSW,0506,0906,False
2018,6,10,AI,AI263,TPA,JFK,0507,0406,False
2018,6,10,AI,AI264,BUF,TPA,0503,1103,False
2018,6,10,AI,AI265,MSP,LGA,0505,0303,False
2018,6,10,AI,AI266,CHS,LGA,0506,0506,False
2018,6,10,AI,AI267,JFK,ORD,0506,0907,False
2018,6,10,AI,AI268,CLT,SYR,0503,0004,False
2018,6,10,AI,AI269,SWF,MCO,0505,1305,False
2018,6,10,AI,AI270,BUF,CLT,0506,0805,False
2018,6,10,AI,AI271,LGA,SRQ,0506,0304,False
2018,6,10,AI,AI272,DTW,ALB,0504,0705,False
2018,6,10,AI,AI273,BGM,DTW,0507,1206,False
2018,6,10,AI,AI274,JFK,CLT,0504,0604,False
2018,6,10,AI,AI275,ALB,DEN,0504,0706,False
2018,6,10,AI,AI276,ALB,TPA,0506,0803,False
2018,6,10,AI,AI277,FLL,ISP,0507,1005,False
2018,6,10,AI,AI278,LGA,MSN,0506,0903,False
2018,6,10,AI,AI279,LGA,CVG,0505,0303,False
2018,6,10,AI,AI280,ISP,MIA,0504,0305,False
2018,6,10,AI,AI281,SYR,JFK,0506,1005,False
2018,6,10,AI,AI282,DEN,LGA,0506,1305,False
2018,6,10,AI,AI283,BGM,DTW,0506,0403,False
2018,6,10,AI,AI284,JFK,SJC,0503,0304,False
2018,6,10,AI,AI285,ATL,ROC,0507,1204,False
2018,6,10,AI,AI286,JFK,SRQ,0504,0604,False
2018,6,10,AI,AI287,CHS,LGA,0504,1204,False
2018,6,10,AI,AI288,LGA,MKE,0504,0804,False
2018,6,10,AI,AI289,ROC,TPA,0506,0507,False
2018,6,10,AI,AI290,LGA,MSN,0504,1107,False
2018,6,10,AI,AI291,ATL,ROC,0505,1306,False
2018,6,10,AI,AI292,ISP,TPA,0507,1307,False
2018,6,10,AI,AI293,ALB,EWR,0503,1206,False
2018,6,10,AI,AI294,LGA,CVG,0504,0506,False
2018,6,10,AI,AI295,MIA,BUF,0504,0504,False
2018,6,10,AI,AI296,JFK,SFO,0504,0807,False
2018,6,10,AI,AI297,ROC,TPA,0506,1106,False
2018,6,10,AI,AI298,JFK,MCO,0505,0603,False
2018,6,10,AI,AI299,JFK,CLT,0504,0105,False
2018,6,10,AI,AI300,JFK,PHL,0507,1206,False
2018,6,10,AI,AI301,SYR,JFK,0505,1104,False
2018,6,10,AI,AI302,BUF,TPA,0505,0605,False
2018,6,10,AI,AI303,LGA,RDU,0505,0105,False
2018,6,10,AI,AI304,ATL,ROC,0506,0204,False
2018,6,10,AI,AI305,MSP,LGA,0506,0706,False
2018,6,10,AI,AI306,PWM,JFK,0506,1003,False
2018,6,10,AI,AI307,JFK,SAV,0506,0706,False
2018,6,10,AI,AI308,HPN,RSW,0507,0604,False
2018,6,10,AI,AI309,DEN,LGA,0505,0003,False
2018,6,10,AI,AI310,HPN,FLL,0507,1104,False
2018,6,10,AI,AI311,JFK,ORD,0506,0903,False
2018,6,10,AI,AI312,EWR,SYR,0504,0905,False
2018,6,10,AI,AI313,ATL,SYR,0506,1003,False
2018,6,10,AI,AI314,MSY,JFK,0506,1106,False
2018,6,10,AI,AI315,ROC,TPA,0503,0405,False
2018,6,10,AI,AI316,JFK,CHS,0503,1007,False
2018,6,10,AI,AI317,JFK,DAB,0503,0507,False
2018,6,10,AI,AI318,JFK,OAK,0503,1203,False
2018,6,10,AI,AI319,BUF,CLT,0505,1105,False
2018,6,10,AI,AI320,JFK,DFW,0504,0204,False
2018,6,10,AI,AI321,BUF,DTW,0504,0405,False
2018,6,10,AI,AI322,SDF,LGA,0504,0004,False
2018,6,10,AI,AI323,HPN,MCO,0507,0306,False
2018,6,10,AI,AI324,HOU,JFK,0506,0504,False
2018,6,10,AI,AI325,ROC,JFK,0507,1308,False
2018,6,10,AI,AI326,SYR,DTW,0506,1207,False
2018,6,10,AI,AI327,JFK,ORD,0504,1008,False
2018,6,10,AI,AI328,JFK,PSP,0506,0306,False
2018,6,10,AI,AI329,SYR,MCO,0506,0805,False
2018,6,10,AI,AI330,JFK,ABQ,0508,1107,False
2018,6,10,AI,AI331,ORD,SYR,0508,0708,False
2018,6,10,AI,AI332,JFK,DFW,0508,0405,False
2018,6,10,AI,AI333,DAL,LGA,0507,0708,False
2018,6,10,AI,AI334,ORD,LGA,0508,1304,False
2018,6,10,AI,AI335,PBI,LGA,0505,0807,False
2018,6,10,AI,AI336,BUF,BWI,0504,1206,False
2018,6,10,AI,AI337,ORD,SYR,0504,0807,False
2018,6,10,AI,AI338,HPN,DTW,0506,1107,False
2018,6,10,AI,AI339,SYR,FLL,0506,0104,False
2018,6,10,AI,AI340,SYR,FLL,0505,0808,False
2018,6,10,AI,AI341,DTW,ALB,0507,0208,False
2018,6,10,AI,AI342,CLT,SYR,0508,1306,False
2018,6,10,AI,AI343,SWF,FLL,0504,0404,False
2018,6,10,AI,AI344,ATL,JFK,0506,1305,False
2018,6,10,AI,AI345,MSY,ISP,0506,0304,False
2018,6,10,AI,AI346,LGA,MDW,0505,0307,False
2018,6,10,AI,AI347,LGA,GSO,0508,0705,False
2018,6,10,AI,AI348,BUF,TPA,0507,1304,False
2018,6,10,AI,AI349,HOU,LGA,0507,0206,False
2018,6,10,AI,AI350,HPN,FLL,0504,0405,False
2018,6,10,AI,AI351,ALB,MCO,0507,0407,False
2018,6,10,AI,AI352,MCO,ROC,0506,0606,False
2018,6,10,AI,AI353,JFK,SAN,0505,0805,False
2018,6,10,AI,AI354,DTW,ELM,0507,0805,False
2018,6,10,AI,AI355,HPN,DTW,0508,0206,False
2018,6,10,AI,AI356,DTW,ALB,0507,0206,False
2018,6,10,AI,AI357,JFK,FLL,0506,0305,False
2018,6,10,AI,AI358,BTV,JFK,0507,0807,False
2018,6,10,AI,AI359,JFK,SMF,0506,1006,False
2018,6,10,AI,AI360,ORF,LGA,0505,0008,False
2018,6,10,AI,AI361,CLT,SYR,0506,1207,False
2018,6,10,AI,AI362,JFK,CHS,0508,0204,False
2018,6,10,AI,AI363,ATL,ROC,0505,0304,False
2018,6,10,AI,AI364,SYR,FLL,0505,0907,False
2018,6,10,AI,AI365,JFK,LAX,0505,0104,False
2018,6,10,AI,AI366,ORD,BUF,0507,1104,False
2018,6,10,AI,AI367,LGA,BHM,0506,1107,False
2018,6,10,AI,AI368,ROC,JFK,0504,0506,False
2018,6,10,AI,AI369,ISP,MIA,0507,1006,False
2018,6,10,AI,AI370,HPN,RSW,0504,0805,False
2018,6,10,AI,AI371,BUF,LAX,0506,0308,False
2018,6,10,AI,AI372,EWR,BUF,0506,0205,False
2018,6,10,AI,AI373,ALB,EWR,0504,0905,False
2018,6,10,AI,AI374,ALB,BWI,0507,1208,False
2018,6,10,AI,AI375,DTW,ELM,0506,0806,False
2018,6,10,AI,AI376,JFK,SJC,0507,0904,False
2018,6,10,AI,AI377,ROC,ORD,0505,0907,False
2018,6,10,AI,AI378,JFK,LAX,0506,1304,False
2018,6,10,AI,AI379,BNA,LGA,0505,0005,False
2018,6,10,AI,AI380,EWR,SYR,0506,1004,False
2018,6,10,AI,AI381,BUF,CLT,0506,0004,False
2018,6,10,AI,AI382,LGA,MKE,0507,0804,False
2018,6,10,AI,AI383,LGA,TPA,0507,0704,False
2018,6,10,AI,AI384,GSP,LGA,0505,0805,False
2018,6,10,AI,AI385,JFK,CLT,0508,0604,False
2018,6,10,AI,AI386,JFK,JAX,0507,0607,False
2018,6,10,AI,AI387,JFK,OAK,0505,1106,False
2018,6,10,AI,AI388,MSP,LGA,0507,1308,False
2018,6,10,AI,AI389,ALB,MDW,0507,0205,False
2018,6,10,AI,AI390,HPN,DTW,0505,0006,False
2018,6,10,AI,AI391,CLT,LGA,0505,1207,False
2018,6,10,AI,AI392,PWM,JFK,0505,0404,False
2018,6,10,AI,AI393,SAV,LGA,0508,0104,False
2018,6,10,AI,AI394,LGA,DCA,0506,0107,False
2018,6,10,AI,AI395,ISP,MCO,0506,1205,False
2018,6,10,AI,AI396,CLE,LGA,0506,0605,False
2018,6,10,AI,AI397,FLL,LGA,0504,0507,False
2018,6,10,AI,AI398,ALB,MDW,0507,0504,False
2018,6,10,AI,AI399,EWR,ROC,0506,0905,False
2018,6,10,AI,AI400,BOS,BUF,0509,0005,False
2018,6,10,AI,AI401,JFK,PDX,0506,0007,False
2018,6,10,AI,AI402,JFK,SLC,0509,1107,False
2018,6,10,AI,AI403,CHS,LGA,0508,0507,False
2018,6,10,AI,AI404,HOU,JFK,0507,0909,False
2018,6,10,AI,AI405,ALB,BWI,0506,0909,False
2018,6,10,AI,AI406,PHX,JFK,0505,0509,False
2018,6,10,AI,AI407,GSP,LGA,0505,1208,False
2018,6,10,AI,AI408,ATL,JFK,0506,0207,False
2018,6,10,AI,AI409,LGA,BHM,0507,0709,False
2018,6,10,AI,AI410,DTW,JFK,0508,0007,False
2018,6,10,AI,AI411,BUF,LAS,0505,0005,False
2018,6,10,AI,AI412,ATL,JFK,0508,0109,False
2018,6,10,AI,AI413,EWR,SYR,0507,1008,False
2018,6,10,AI,AI414,JFK,JAX,0508,0408,False
2018,6,10,AI,AI415,JFK,LAX,0507,1305,False
2018,6,10,AI,AI416,JFK,DAB,0509,0105,False
2018,6,10,AI,AI417,JFK,LAS,0507,0305,False
2018,6,10,AI,AI418,FLL,LGA,0509,0809,False
2018,6,10,AI,AI419,BNA,LGA,0506,1309,False
2018,6,10,AI,AI420,ATL,BUF,0508,0509,False
2018,6,10,AI,AI421,DTW,LGA,0508,0405,False
2018,6,10,AI,AI422,ORD,BUF,0508,1005,False
2018,6,10,AI,AI423,ROC,JFK,0506,1207,False
2018,6,10,AI,AI424,LGA,MCI,0507,0607,False
2018,6,10,AI,AI425,ISP,PBI,0508,0807,False
2018,6,10,AI,AI426,BOS,BUF,0508,0106,False
2018,6,10,AI,AI427,SAV,LGA,0508,1308,False
2018,6,10,AI,AI428,ISP,MIA,0509,0806,False
2018,6,10,AI,AI429,ATL,ROC,0506,0209,False
2018,6,10,AI,AI430,JFK,SAV,0506,0408,False
2018,6,10,AI,AI431,SDF,LGA,0506,0209,False
2018,6,10,AI,AI432,ISP,PBI,0507,0905,False
2018,6,10,AI,AI433,ROC,TPA,0507,0506,False
2018,6,10,AI,AI434,BUF,TPA,0505,0506,False
2018,6,10,AI,AI435,PHX,JFK,0508,1206,False
2018,6,10,AI,AI436,JFK,DFW,0508,1307,False
2018,6,10,AI,AI437,LGA,BOS,0506,1005,False
2018,6,10,AI,AI438,JFK,JAX,0509,0905,False
2018,6,10,AI,AI439,PHX,JFK,0507,1009,False
2018,6,10,AI,AI440,HPN,RSW,0508,0407,False
2018,6,10,AI,AI441,DTW,LGA,0505,0907,False
2018,6,10,AI,AI442,HPN,FLL,0508,0408,False
2018,6,10,AI,AI443,EWR,ROC,0505,0707,False
2018,6,10,AI,AI444,ROC,ORD,0508,1007,False
2018,6,10,AI,AI445,LGA,ROC,0505,0008,False
2018,6,10,AI,AI446,GSP,LGA,0505,0609,False
2018,6,10,AI,AI447,CHS,LGA,0509,1108,False
2018,6,10,AI,AI448,LGA,CVG,0505,1306,False
2018,6,10,AI,AI449,LGA,DCA,0506,0608,False
2018,6,10,AI,AI450,PIT,LGA,0507,1307,False
2018,6,10,AI,AI451,ATL,ROC,0509,0809,False
2018,6,10,AI,AI452,MSP,BUF,0508,0409,False
2018,6,10,AI,AI453,HPN,FLL,0505,0306,False
2018,6,10,AI,AI454,PHX,JFK,0509,0205,False
2018,6,10,AI,AI455,ROC,TPA,0506,0609,False
2018,6,10,AI,AI456,MSP,BUF,0507,1305,False
2018,6,10,AI,AI457,ATL,ALB,0508,0108,False
2018,6,10,AI,AI458,SAV,LGA,0509,0208,False
2018,6,10,AI,AI459,BUF,TPA,0508,0609,False
2018,6,10,AI,AI460,ISP,TPA,0507,1208,False
2018,6,10,AI,AI461,BUF,CLT,0505,0908,False
2018,6,10,AI,AI462,JFK,SAN,0508,0206,False
2018,6,10,AI,AI463,CLE,LGA,0506,0506,False
2018,6,10,AI,AI464,ALB,MDW,0506,0909,False
2018,6,10,AI,AI465,BUF,CLT,0509,0107,False
2018,6,10,AI,AI466,HPN,FLL,0506,0309,False
2018,6,10,AI,AI467,ROC,DTW,0509,0705,False
2018,6,10,AI,AI468,JFK,PSP,0506,0509,False
2018,6,10,AI,AI469,JFK,BOS,0509,0905,False
2018,6,10,AI,AI470,JFK,PSP,0506,0305,False
2018,6,10,AI,AI471,ALB,DEN,0507,1009,False
2018,6,10,AI,AI472,BUF,LAS,0506,0409,False
2018,6,10,AI,AI473,ATL,JFK,0509,0805,False
2018,6,10,AI,AI474,JFK,PSP,0505,0205,False
2018,6,10,AI,AI475,HPN,DTW,0506,0007,False
2018,6,10,AI,AI476,ORD,LGA,0509,1005,False
2018,6,10,AI,AI477,BUF,CLT,0508,0406,False
2018,6,10,AI,AI478,SYR,FLL,0507,0006,False
2018,6,10,AI,AI479,JFK,DCA,0509,0207,False
2018,6,10,AI,AI480,BUF,FLL,0507,0808,False
2018,6,10,AI,AI481,CLE,LGA,0506,0007,False
2018,6,10,AI,AI482,JFK,SRQ,0509,1208,False
2018,6,10,AI,AI483,JFK,EGE,0510,0009,False
2018,6,10,AI,AI484,HPN,DTW,0506,0710,False
2018,6,10,AI,AI485,MSY,JFK,0507,0606,False
2018,6,10,AI,AI486,SYR,MCO,0510,1309,False
2018,6,10,AI,AI487,ISP,PBI,0506,0810,False
2018,6,10,AI,AI488,JFK,SLC,0506,0408,False
2018,6,10,AI,AI489,ALB,TPA,0508,0810,False
2018,6,10,AI,AI490,MSY,ISP,0509,0407,False
2018,6,10,AI,AI491,MSY,ISP,0510,0607,False
2018,6,10,AI,AI492,PIT,LGA,0510,0210,False
2018,6,10,AI,AI493,LGA,BHM,0510,1107,False
2018,6,10,AI,AI494,ROC,ORD,0508,0007,False
2018,6,10,AI,AI495,SYR,JFK,0507,0208,False
2018,6,10,AI,AI496,JFK,FLL,0509,0609,False
2018,6,10,AI,AI497,JFK,PDX,0508,0909,False
2018,6,10,AI,AI498,ORF,LGA,0508,0409,False
2018,6,10,AI,AI499,SYR,MCO,0506,1108,False
2018,6,10,AI,AI500,DTW,LGA,0507,0009,False
2018,6,10,AI,AI501,LGA,RDU,0507,0207,False
2018,6,10,AI,AI502,BUF,MCO,0507,0710,False
2018,6,10,AI,AI503,LGA,BOS,0507,0806,False
2018,6,10,AI,AI504,ROC,ORD,0509,0406,False
2018,6,10,AI,AI505,CLT,LGA,0509,0908,False
2018,6,10,AI,AI506,PHX,JFK,0509,0209,False
2018,6,10,AI,AI507,JFK,JAC,0506,0807,False
2018,6,10,AI,AI508,CLT,SYR,0507,0007,False
2018,6,10,AI,AI509,ISP,MCO,0507,0008,False
2018,6,10,AI,AI510,ORD,LGA,0509,0306,False
2018,6,10,AI,AI511,BUF,LAS,0509,0908,False
2018,6,10,AI,AI512,LGA,GRR,0508,1108,False
2018,6,10,AI,AI513,FLL,LGA,0508,0808,False
2018,6,10,AI,AI514,ALB,TPA,0506,1210,False
2018,6,10,AI,AI515,ALB,EWR,0507,0607,False
2018,6,10,AI,AI516,MSP,SYR,0506,0910,False
2018,6,10,AI,AI517,CLT,SYR,0508,0907,False
2018,6,10,AI,AI518,JFK,RSW,0506,1106,False
2018,6,10,AI,AI519,LGA,ROC,0510,0106,False
2018,6,10,AI,AI520,ORD,SYR,0507,0209,False
2018,6,10,AI,AI521,JFK,DFW,0509,0710,False
2018,6,10,AI,AI522,PHL,LGA,0506,1010,False
2018,6,10,AI,AI523,JFK,SRQ,0506,1009,False
2018,6,10,AI,AI524,ISP,TPA,0508,0406,False
2018,6,10,AI,AI525,JFK,JAC,0510,0908,False
2018,6,10,AI,AI526,JFK,MSP,0510,0010,False
2018,6,10,AI,AI527,LGA,MSN,0508,0310,False
2018,6,10,AI,AI528,JFK,SMF,0508,0909,False
2018,6,10,AI,AI529,DTW,ALB,0506,1110,False
2018,6,10,AI,AI530,ALB,BWI,0507,0809,False
2018,6,10,AI,AI531,DTW,ALB,0509,0007,False
2018,6,10,AI,AI532,RNO,JFK,0507,0307,False
2018,6,10,AI,AI533,JFK,PBI,0510,0309,False
2018,6,10,AI,AI534,BUF,PHX,0509,0010,False
2018,6,10,AI,AI535,ALB,MCO,0507,1108,False
2018,6,10,AI,AI536,BUF,PHX,0507,0506,False
2018,6,10,AI,AI537,LGA,RSW,0510,0910,False
2018,6,10,AI,AI538,JFK,MCO,0508,0810,False
2018,6,10,AI,AI539,BUF,LAS,0510,0106,False
2018,6,10,AI,AI540,HPN,RSW,0507,0707,False
2018,6,10,AI,AI541,RIC,LGA,0509,0506,False
2018,6,10,AI,AI542,JFK,SRQ,0506,0706,False
2018,6,10,AI,AI543,JFK,SAV,0508,0908,False
2018,6,10,AI,AI544,FLL,ISP,0506,0109,False
2018,6,10,AI,AI545,HOU,JFK,0507,0210,False
2018,6,10,AI,AI546,ROC,ORD,0507,0408,False
2018,6,10,AI,AI547,JFK,EGE,0509,0606,False
2018,6,10,AI,AI548,ATL,JFK,0506,0410,False
2018,6,10,AI,AI549,BUF,LAX,0506,1208,False
2018,6,10,AI,AI550,LGB,JFK,0507,0007,False
2018,6,10,AI,AI551,SAV,LGA,0510,0707,False
2018,6,10,AI,AI552,MSP,SYR,0506,0310,False
2018,6,10,AI,AI553,SYR,FLL,0510,0410,False
2018,6,10,AI,AI554,ATL,BUF,0510,0907,False
2018,6,10,AI,AI555,MCO,ROC,0510,1208,False
2018,6,10,AI,AI556,MCO,ROC,0506,0410,False
2018,6,10,AI,AI557,JFK,BOS,0510,0908,False
2018,6,10,AI,AI558,LGA,SRQ,0509,1107,False
2018,6,10,AI,AI559,JFK,BOS,0507,1009,False
2018,6,10,AI,AI560,BTV,JFK,0510,0211,False
2018,6,10,AI,AI561,JFK,EGE,0511,1210,False
2018,6,10,AI,AI562,JFK,DAB,0509,0611,False
2018,6,10,AI,AI563,JFK,DAB,0511,1210,False
2018,6,10,AI,AI564,HOU,LGA,0509,0909,False
2018,6,10,AI,AI565,HPN,RSW,0507,1108,False
2018,6,10,AI,AI566,BUF,TPA,0508,0910,False
2018,6,10,AI,AI567,JFK,DFW,0511,0509,False
2018,6,10,AI,AI568,SDF,LGA,0509,1009,False
2018,6,10,AI,AI569,SAV,LGA,0509,0911,False
2018,6,10,AI,AI570,EWR,SYR,0507,0511,False
2018,6,10,AI,AI571,SWF,MCO,0511,0909,False
2018,6,10,AI,AI572,HOU,JFK,0511,1109,False
2018,6,10,AI,AI573,BUF,MDW,0509,0811,False
2018,6,10,AI,AI574,JFK,RDU,0511,0409,False
2018,6,10,AI,AI575,CAE,LGA,0511,0907,False
2018,6,10,AI,AI576,JFK,EGE,0508,0410,False
2018,6,10,AI,AI577,ORD,SYR,0511,0607,False
2018,6,10,AI,AI578,LGA,ROC,0508,0508,False
2018,6,10,AI,AI579,BOS,BUF,0508,0609,False
2018,6,10,AI,AI580,JFK,SJC,0510,0907,False
2018,6,10,AI,AI581,SAV,LGA,0511,1108,False
2018,6,10,AI,AI582,LGB,JFK,0507,0309,False
2018,6,10,AI,AI583,RNO,JFK,0508,1110,False
2018,6,10,AI,AI584,ATL,JFK,0510,1211,False
2018,6,10,AI,AI585,PBI,HPN,0508,0611,False
2018,6,10,AI,AI586,MSP,SYR,0508,0608,False
2018,6,10,AI,AI587,ORD,SYR,0508,0807,False
2018,6,10,AI,AI588,EWR,BUF,0510,0011,False
2018,6,10,AI,AI589,RNO,JFK,0508,1010,False
2018,6,10,AI,AI590,HPN,MCO,0510,1011,False
2018,6,10,AI,AI591,BUF,LAX,0507,0910,False
2018,6,10,AI,AI592,ALB,ORD,0510,1209,False
2018,6,10,AI,AI593,LGA,MSN,0511,0110,False
2018,6,10,AI,AI594,JFK,SRQ,0511,0010,False
2018,6,10,AI,AI595,JFK,DEN,0511,0410,False
2018,6,10,AI,AI596,ISP,MIA,0510,0909,False
2018,6,10,AI,AI597,ROC,JFK,0511,0208,False
2018,6,10,AI,AI598,ALB,BWI,0507,1310,False
2018,6,10,AI,AI599,ALB,DEN,0509,0909,False
2018,6,10,AI,AI600,LGA,RSW,0507,0009,False
2018,6,10,AI,AI601,ROC,ORD,0510,1210,False
2018,6,10,AI,AI602,LGA,GSO,0510,1308,False
2018,6,10,AI,AI603,JFK,BOS,0510,0109,False
2018,6,10,AI,AI604,JFK,ABQ,0511,0108,False
2018,6,10,AI,AI605,ALB,EWR,0510,0209,False
2018,6,10,AI,AI606,ROC,JFK,0510,0811,False
2018,6,10,AI,AI607,BNA,LGA,0508,0708,False
2018,6,10,AI,AI608,BUF,TPA,0507,0207,False
2018,6,10,AI,AI609,LGA,CVG,0508,0008,False
2018,6,10,AI,AI610,JFK,LAS,0511,0410,False
2018,6,10,AI,AI611,SAT,JFK,0511,0208,False
2018,6,10,AI,AI612,PIT,LGA,0510,1311,False
2018,6,10,AI,AI613,JFK,DAB,0508,0909,False
2018,6,10,AI,AI614,CHS,LGA,0509,1307,False
2018,6,10,AI,AI615,FLL,ISP,0511,0610,False
2018,6,10,AI,AI616,JFK,DFW,0509,0907,False
2018,6,10,AI,AI617,HPN,FLL,0510,1109,False
2018,6,10,AI,AI618,ORD,SYR,0510,0810,False
2018,6,10,AI,AI619,SYR,DTW,0509,1108,False
2018,6,10,AI,AI620,LGA,GRR,0511,0009,False
2018,6,10,AI,AI621,MIA,JFK,0508,0608,False
2018,6,10,AI,AI622,HPN,FLL,0511,1109,False
2018,6,10,AI,AI623,JFK,DCA,0508,1011,False
2018,6,10,AI,AI624,BUF,DTW,0511,0307,False
2018,6,10,AI,AI625,JFK,MCO,0509,0009,False
2018,6,10,AI,AI626,LGA,IND,0511,0308,False
2018,6,10,AI,AI627,LGA,ROC,0509,0209,False
2018,6,10,AI,AI628,LGA,BUF,0508,0907,False
2018,6,10,AI,AI629,BUF,MDW,0510,1211,False
2018,6,10,AI,AI630,JFK,RDU,0511,0211,False
2018,6,10,AI,AI631,ALB,FLL,0510,0609,False
2018,6,10,AI,AI632,JFK,PSP,0507,1208,False
2018,6,10,AI,AI633,LGA,STL,0511,0711,False
2018,6,10,AI,AI634,XNA,LGA,0507,0311,False
2018,6,10,AI,AI635,CLE,LGA,0511,1009,False
2018,6,10,AI,AI636,LGA,IAH,0507,0608,False
2018,6,10,AI,AI637,GSP,LGA,0511,0007,False
2018,6,10,AI,AI638,JFK,SEA,0507,0110,False
2018,6,10,AI,AI639,LGA,TPA,0509,1011,False
2018,6,10,AI,AI640,HOU,LGA,0509,0008,False
2018,6,10,AI,AI641,JFK,SFO,0509,0712,False
2018,6,10,AI,AI642,DEN,LGA,0511,1110,False
2018,6,10,AI,AI643,CLT,SYR,0509,0308,False
2018,6,10,AI,AI644,TPA,JFK,0509,0212,False
2018,6,10,AI,AI645,ALB,BWI,0508,0908,False
2018,6,10,AI,AI646,RIC,LGA,0508,0911,False
2018,6,10,AI,AI647,JFK,DEN,0509,0608,False
2018,6,10,AI,AI648,JFK,RDU,0512,0310,False
2018,6,10,AI,AI649,BUF,FLL,0510,1010,False
2018,6,10,AI,AI650,JFK,CHS,0511,1012,False
2018,6,10,AI,AI651,MSY,JFK,0509,0312,False
2018,6,10,AI,AI652,DEN,LGA,0508,0109,False
2018,6,10,AI,AI653,ALB,MCO,0508,0509,False
2018,6,10,AI,AI654,JFK,SJC,0511,0112,False
2018,6,10,AI,AI655,ISP,PBI,0512,0308,False
2018,6,10,AI,AI656,RSW,BUF,0510,0509,False
2018,6,10,AI,AI657,BUF,MCO,0512,0309,False
2018,6,10,AI,AI658,JFK,ABQ,0509,1210,False
2018,6,10,AI,AI659,PBI,HPN,0509,0412,False
2018,6,10,AI,AI660,JFK,SAV,0511,0009,False
2018,6,10,AI,AI661,BUF,CLT,0508,0908,False
2018,6,10,AI,AI662,PHL,LGA,0510,1209,False
2018,6,10,AI,AI663,JFK,BUF,0512,0009,False
2018,6,10,AI,AI664,JFK,CLT,0509,1109,False
2018,6,10,AI,AI665,RNO,JFK,0508,0712,False
2018,6,10,AI,AI666,DEN,LGA,0510,0408,False
2018,6,10,AI,AI667,BUF,LAS,0512,1210,False
2018,6,10,AI,AI668,PHX,JFK,0511,0011,False
2018,6,10,AI,AI669,XNA,LGA,0512,0912,False
2018,6,10,AI,AI670,ATL,ALB,0510,0209,False
2018,6,10,AI,AI671,BUF,FLL,0511,0111,False
2018,6,10,AI,AI672,JFK,ORD,0512,0912,False
2018,6,10,AI,AI673,MSP,SYR,0509,0512,False
2018,6,10,AI,AI674,LGA,MDW,0508,1009,False
2018,6,10,AI,AI675,LGA,GRR,0511,0611,False
2018,6,10,AI,AI676,JFK,JAC,0512,0009,False
2018,6,10,AI,AI677,MCO,ROC,0510,0610,False
2018,6,10,AI,AI678,JFK,PSP,0509,0211,False
2018,6,10,AI,AI679,SYR,MCO,0511,0812,False
2018,6,10,AI,AI680,ATL,JFK,0511,0712,False
2018,6,10,AI,AI681,PIT,LGA,0508,0208,False
2018,6,10,AI,AI682,ALB,DEN,0511,1311,False
2018,6,10,AI,AI683,HPN,RSW,0511,1212,False
2018,6,10,AI,AI684,JFK,MCO,0509,0112,False
2018,6,10,AI,AI685,DFW,LGA,0510,0109,False
2018,6,10,AI,AI686,JFK,PBI,0509,0209,False
2018,6,10,AI,AI687,MSY,JFK,0508,0708,False
2018,6,10,AI,AI688,DTW,ELM,0512,0108,False
2018,6,10,AI,AI689,SWF,MCO,0509,0709,False
2018,6,10,AI,AI690,JFK,PBI,0511,0011,False
2018,6,10,AI,AI691,ALB,BWI,0512,0112,False
2018,6,10,AI,AI692,LGA,RDU,0509,1311,False
2018,6,10,AI,AI693,LGA,MCI,0510,0208,False
2018,6,10,AI,AI694,HOU,LGA,0509,0210,False
2018,6,10,AI,AI695,HPN,RSW,0511,0308,False
2018,6,10,AI,AI696,JFK,DAB,0510,0411,False
2018,6,10,AI,AI697,JFK,PDX,0512,0211,False
2018,6,10,AI,AI698,JFK,SMF,0511,0711,False
2018,6,10,AI,AI699,JFK,PSP,0512,1309,False
2018,6,10,AI,AI700,JFK,SRQ,0510,1312,False
2018,6,10,AI,AI701,JFK,BOS,0511,0212,False
2018,6,10,AI,AI702,DFW,LGA,0509,0809,False
2018,6,10,AI,AI703,LGA,IND,0510,0010,False
2018,6,10,AI,AI704,MIA,JFK,0510,0012,False
2018,6,10,AI,AI705,PBI,LGA,0508,0510,False
2018,6,10,AI,AI706,JFK,MSP,0508,0310,False
2018,6,10,AI,AI707,MCO,LGA,0511,1310,False
2018,6,10,AI,AI708,LGA,MSY,0511,0812,False
2018,6,10,AI,AI709,ALB,MCO,0512,0612,False
2018,6,10,AI,AI710,SAV,LGA,0508,0612,False
2018,6,10,AI,AI711,JFK,BUF,0510,0108,False
2018,6,10,AI,AI712,ALB,ORD,0510,0211,False
2018,6,10,AI,AI713,HPN,FLL,0508,0310,False
2018,6,10,AI,AI714,LGA,GRR,0511,0212,False
2018,6,10,AI,AI715,BUF,DTW,0509,1311,False
2018,6,10,AI,AI716,SWF,FLL,0510,1012,False
2018,6,10,AI,AI717,ATL,ROC,0509,1211,False
2018,6,10,AI,AI718,JFK,SJC,0509,0009,False
2018,6,10,AI,AI719,JFK,DEN,0510,0910,False
2018,6,10,AI,AI720,ALB,ORD,0511,0511,False
2018,6,10,AI,AI721,CLT,LGA,0512,0811,False
2018,6,10,AI,AI722,JFK,CHS,0510,0911,False
2018,6,10,AI,AI723,MEM,LGA,0509,1110,False
2018,6,10,AI,AI724,ALB,TPA,0510,0311,False
2018,6,10,AI,AI725,BUF,MDW,0510,0011,False
2018,6,10,AI,AI726,BUF,BWI,0510,0409,False
2018,6,10,AI,AI727,HOU,JFK,0509,1211,False
2018,6,10,AI,AI728,JFK,LAX,0512,0409,False
2018,6,10,AI,AI729,RSW,BUF,0513,0909,False
2018,6,10,AI,AI730,JFK,BOS,0509,0711,False
2018,6,10,AI,AI731,BUF,TPA,0509,0409,False
2018,6,10,AI,AI732,ATL,JFK,0511,0210,False
2018,6,10,AI,AI733,XNA,LGA,0511,0011,False
2018,6,10,AI,AI734,LGA,SRQ,0509,0309,False
2018,6,10,AI,AI735,DFW,LGA,0510,0909,False
2018,6,10,AI,AI736,JFK,RDU,0510,0013,False
2018,6,10,AI,AI737,SAT,JFK,0512,0313,False
2018,6,10,AI,AI738,PHX,JFK,0511,1110,False
2018,6,10,AI,AI739,LGA,ROC,0511,0910,False
2018,6,10,AI,AI740,BUF,PHX,0511,0713,False
2018,6,10,AI,AI741,JFK,FLL,0513,0509,False
2018,6,10,AI,AI742,ALB,BWI,0510,0412,False
2018,6,10,AI,AI743,ALB,ORD,0512,0611,False
2018,6,10,AI,AI744,MSY,JFK,0512,0410,False
2018,6,10,AI,AI745,ORF,LGA,0510,0713,False
2018,6,10,AI,AI746,MSY,JFK,0509,0411,False
2018,6,10,AI,AI747,MSP,LGA,0512,0812,False
2018,6,10,AI,AI748,JFK,DEN,0509,1209,False
2018,6,10,AI,AI749,DTW,JFK,0510,0613,False
2018,6,10,AI,AI750,BUF,DTW,0513,0813,False
2018,6,10,AI,AI751,MCO,ROC,0511,0713,False
2018,6,10,AI,AI752,TPA,JFK,0512,1310,False
2018,6,10,AI,AI753,ATL,BUF,0511,0809,False
2018,6,10,AI,AI754,ATL,ROC,0510,0409,False
2018,6,10,AI,AI755,MSP,LGA,0511,0813,False
2018,6,10,AI,AI756,CAE,LGA,0509,0713,False
2018,6,10,AI,AI757,DTW,ALB,0510,0312,False
2018,6,10,AI,AI758,ISP,MIA,0509,0513,False
2018,6,10,AI,AI759,JFK,JAC,0510,1212,False
2018,6,10,AI,AI760,ROC,TPA,0513,0209,False
2018,6,10,AI,AI761,LGA,MCI,0513,1210,False
2018,6,10,AI,AI762,FLL,ISP,0510,0412,False
2018,6,10,AI,AI763,MSP,SYR,0513,0411,False
2018,6,10,AI,AI764,MSP,BUF,0512,0009,False
2018,6,10,AI,AI765,MSP,LGA,0513,1109,False
2018,6,10,AI,AI766,JFK,CLT,0512,0909,False
2018,6,10,AI,AI767,MSY,ISP,0512,0612,False
2018,6,10,AI,AI768,ALB,CLT,0511,0309,False
2018,6,10,AI,AI769,LGB,JFK,0509,0911,False
2018,6,10,AI,AI770,LGA,BOS,0510,0110,False
2018,6,10,AI,AI771,BUF,LAS,0509,1013,False
2018,6,10,AI,AI772,RIC,LGA,0511,1111,False
2018,6,10,AI,AI773,ORF,LGA,0513,0110,False
2018,6,10,AI,AI774,ORD,BUF,0513,0911,False
2018,6,10,AI,AI775,JFK,RSW,0509,1210,False
2018,6,10,AI,AI776,SAV,LGA,0511,0909,False
2018,6,10,AI,AI777,MSY,JFK,0512,1312,False
2018,6,10,AI,AI778,HOU,LGA,0512,0313,False
2018,6,10,AI,AI779,JFK,DFW,0512,0211,False
2018,6,10,AI,AI780,MSP,BUF,0512,1012,False
2018,6,10,AI,AI781,JFK,PDX,0511,0512,False
2018,6,10,AI,AI782,BWI,ISP,0511,1012,False
2018,6,10,AI,AI783,DTW,ALB,0509,0712,False
2018,6,10,AI,AI784,DTW,JFK,0510,0811,False
2018,6,10,AI,AI785,BUF,PHX,0509,0910,False
2018,6,10,AI,AI786,JFK,OAK,0510,0310,False
2018,6,10,AI,AI787,PBI,LGA,0513,0809,False
2018,6,10,AI,AI788,RSW,BUF,0510,0412,False
2018,6,10,AI,AI789,JFK,LAX,0513,0113,False
2018,6,10,AI,AI790,ORD,BUF,0510,0710,False
2018,6,10,AI,AI791,PHX,JFK,0511,0313,False
2018,6,10,AI,AI792,CHS,LGA,0509,0810,False
2018,6,10,AI,AI793,BUF,PHX,0510,0112,False
2018,6,10,AI,AI794,HOU,LGA,0513,0310,False
2018,6,10,AI,AI795,EWR,ROC,0511,1313,False
2018,6,10,AI,AI796,LGA,STL,0513,0909,False
2018,6,10,AI,AI797,ATL,BUF,0511,1113,False
2018,6,10,AI,AI798,JFK,PDX,0509,0413,False
2018,6,10,AI,AI799,LGA,STL,0511,0311,False
2018,6,10,AI,AI800,MIA,BUF,0512,0114,False
2018,6,10,AI,AI801,IAD,JFK,0511,0014,False
2018,6,10,AI,AI802,DEN,LGA,0510,0314,False
2018,6,10,AI,AI803,JFK,SMF,0511,0411,False
2018,6,10,AI,AI804,ALB,ORD,0512,0012,False
2018,6,10,AI,AI805,CLT,LGA,0510,0013,False
2018,6,10,AI,AI806,JFK,LAS,0514,0113,False
2018,6,10,AI,AI807,LGA,MSY,0513,0913,False
2018,6,10,AI,AI808,BUF,MCO,0513,0612,False
2018,6,10,AI,AI809,DEN,LGA,0511,0511,False
2018,6,10,AI,AI810,EWR,SYR,0510,0610,False
2018,6,10,AI,AI811,XNA,LGA,0513,1314,False
2018,6,10,AI,AI812,HPN,DTW,0511,1014,False
2018,6,10,AI,AI813,JFK,SRQ,0511,0614,False
2018,6,10,AI,AI814,MEM,LGA,0512,0413,False
2018,6,10,AI,AI815,PHL,LGA,0511,1114,False
2018,6,10,AI,AI816,BUF,LAS,0510,0211,False
2018,6,10,AI,AI817,ATL,ALB,0512,0013,False
2018,6,10,AI,AI818,JFK,SEA,0513,1210,False
2018,6,10,AI,AI819,PBI,LGA,0512,0110,False
2018,6,10,AI,AI820,ATL,LGA,0511,1213,False
2018,6,10,AI,AI821,LGB,JFK,0510,0614,False
2018,6,10,AI,AI822,JFK,DCA,0512,0312,False
2018,6,10,AI,AI823,LGA,IND,0510,0010,False
2018,6,10,AI,AI824,LGA,IAH,0514,0512,False
2018,6,10,AI,AI825,ATL,BUF,0514,0413,False
2018,6,10,AI,AI826,JFK,MSP,0511,1114,False
2018,6,10,AI,AI827,MYR,LGA,0513,1314,False
2018,6,10,AI,AI828,JFK,DCA,0514,0310,False
2018,6,10,AI,AI829,JFK,JAX,0510,0214,False
2018,6,10,AI,AI830,ORD,SYR,0513,0213,False
2018,6,10,AI,AI831,ORD,BUF,0511,0114,False
2018,6,10,AI,AI832,ATL,BUF,0514,0713,False
2018,6,10,AI,AI833,JFK,ORD,0511,1314,False
2018,6,10,AI,AI834,HPN,ATL,0510,0011,False
2018,6,10,AI,AI835,LGA,RDU,0510,0113,False
2018,6,10,AI,AI836,SAT,JFK,0514,0711,False
2018,6,10,AI,AI837,RIC,LGA,0511,0811,False
2018,6,10,AI,AI838,CLT,SYR,0512,0413,False
2018,6,10,AI,AI839,JFK,JAX,0510,1210,False
2018,6,10,AI,AI840,BUF,MCO,0512,0714,False
2018,6,10,AI,AI841,LGA,DCA,0514,0110,False
2018,6,10,AI,AI842,LGA,DCA,0511,1010,False
2018,6,10,AI,AI843,XNA,LGA,0512,0610,False
2018,6,10,AI,AI844,ROC,JFK,0513,0911,False
2018,6,10,AI,AI845,JFK,MCO,0512,0010,False
2018,6,10,AI,AI846,JFK,CLT,0510,1010,False
2018,6,10,AI,AI847,CLT,LGA,0511,0414,False
2018,6,10,AI,AI848,LGA,RDU,0510,1113,False
2018,6,10,AI,AI849,CLT,LGA,0511,0014,False
2018,6,10,AI,AI850,ALB,EWR,0512,0912,False
2018,6,10,AI,AI851,PIT,LGA,0510,0913,False
2018,6,10,AI,AI852,LGA,BUF,0513,0414,False
2018,6,10,AI,AI853,IAD,JFK,0511,0314,False
2018,6,10,AI,AI854,LGA,STL,0514,0610,False
2018,6,10,AI,AI855,DTW,ELM,0511,0713,False
2018,6,10,AI,AI856,BGM,DTW,0510,0111,False
2018,6,10,AI,AI857,JFK,CLT,0511,0614,False
2018,6,10,AI,AI858,ATL,JFK,0512,0011,False
2018,6,10,AI,AI859,LGA,MSY,0514,1113,False
2018,6,10,AI,AI860,IAD,JFK,0511,1311,False
2018,6,10,AI,AI861,HPN,MCO,0510,0210,False
2018,6,10,AI,AI862,MSP,BUF,0513,0111,False
2018,6,10,AI,AI863,JFK,SFO,0510,1212,False
2018,6,10,AI,AI864,MCO,LGA,0511,0211,False
2018,6,10,AI,AI865,JFK,JAC,0512,1112,False
2018,6,10,AI,AI866,JFK,SAV,0514,0614,False
2018,6,10,AI,AI867,PIT,LGA,0514,0714,False
2018,6,10,AI,AI868,JFK,ABQ,0511,1314,False
2018,6,10,AI,AI869,BUF,MCO,0514,0413,False
2018,6,10,AI,AI870,SDF,LGA,0513,0914,False
2018,6,10,AI,AI871,ISP,MCO,0513,0512,False
2018,6,10,AI,AI872,JFK,ORD,0511,0814,False
2018,6,10,AI,AI873,CLE,LGA,0514,0712,False
2018,6,10,AI,AI874,ALB,BWI,0514,0511,False
2018,6,10,AI,AI875,JFK,MCO,0513,0510,False
2018,6,10,AI,AI876,JFK,SLC,0514,0812,False
2018,6,10,AI,AI877,MIA,LGA,0511,1310,False
2018,6,10,AI,AI878,FLL,LGA,0511,0110,False
2018,6,10,AI,AI879,ROC,TPA,0512,0013,False
2018,6,10,AI,AI880,BUF,MCO,0514,0411,False
2018,6,10,AI,AI881,HPN,RSW,0515,0312,False
2018,6,10,AI,AI882,ATL,ROC,0513,0312,False
2018,6,10,AI,AI883,ATL,LGA,0512,1014,False
2018,6,10,AI,AI884,ORD,LGA,0511,0711,False
2018,6,10,AI,AI885,AUS,JFK,0512,1115,False
2018,6,10,AI,AI886,ATL,ALB,0511,1311,False
2018,6,10,AI,AI887,HOU,JFK,0511,1014,False
2018,6,10,AI,AI888,JFK,MCO,0513,0015,False
2018,6,10,AI,AI889,SDF,LGA,0513,1013,False
2018,6,10,AI,AI890,DFW,LGA,0512,0814,False
2018,6,10,AI,AI891,LGA,IAH,0512,1213,False
2018,6,10,AI,AI892,SWF,MCO,0512,0514,False
2018,6,10,AI,AI893,ATL,ROC,0512,0911,False
2018,6,10,AI,AI894,HPN,FLL,0512,0013,False
2018,6,10,AI,AI895,LGA,GRR,0514,0811,False
2018,6,10,AI,AI896,BUF,MDW,0512,0515,False
2018,6,10,AI,AI897,ATL,JFK,0513,0415,False
2018,6,10,AI,AI898,MYR,LGA,0513,0512,False
2018,6,10,AI,AI899,JFK,JAC,0514,0715,False
2018,6,10,AI,AI900,CAE,LGA,0514,0015,False
2018,6,10,AI,AI901,EWR,SYR,0515,0913,False
2018,6,10,AI,AI902,ATL,ALB,0511,0115,False
2018,6,10,AI,AI903,BUF,MCO,0512,0514,False
2018,6,10,AI,AI904,LGA,STL,0511,0211,False
2018,6,10,AI,AI905,JFK,SLC,0513,1114,False
2018,6,10,AI,AI906,LGA,DCA,0511,0412,False
2018,6,10,AI,AI907,JFK,BUF,0513,0815,False
2018,6,10,AI,AI908,ALB,EWR,0513,0612,False
2018,6,10,AI,AI909,JFK,DFW,0511,0411,False
2018,6,10,AI,AI910,RNO,JFK,0514,0014,False
2018,6,10,AI,AI911,HOU,LGA,0511,0013,False
2018,6,10,AI,AI912,LGA,GRR,0514,0911,False
2018,6,10,AI,AI913,JFK,SJC,0511,1112,False
2018,6,10,AI,AI914,ALB,FLL,0514,1214,False
2018,6,10,AI,AI915,ROC,TPA,0511,0114,False
2018,6,10,AI,AI916,ROC,TPA,0512,0013,False
2018,6,10,AI,AI917,ISP,TPA,0515,1014,False
2018,6,10,AI,AI918,JFK,DFW,0511,0114,False
2018,6,10,AI,AI919,FLL,LGA,0513,0814,False
2018,6,10,AI,AI920,JFK,CLT,0513,1111,False
2018,6,10,AI,AI921,MSP,SYR,0512,1114,False
2018,6,10,AI,AI922,LGA,MDW,0512,1012,False
2018,6,10,AI,AI923,MSP,SYR,0514,1311,False
2018,6,10,AI,AI924,ORF,LGA,0514,1214,False
2018,6,10,AI,AI925,MSY,JFK,0515,1015,False
2018,6,10,AI,AI926,DAL,LGA,0515,0913,False
2018,6,10,AI,AI927,LGA,MDW,0511,1111,False
2018,6,10,AI,AI928,CLT,SYR,0511,0912,False
2018,6,10,AI,AI929,BTV,JFK,0511,1014,False
2018,6,10,AI,AI930,ATL,ROC,0515,1012,False
2018,6,10,AI,AI931,RIC,LGA,0512,0111,False
2018,6,10,AI,AI932,JFK,DAB,0511,1014,False
2018,6,10,AI,AI933,SYR,FLL,0514,0515,False
2018,6,10,AI,AI934,BNA,LGA,0512,0515,False
2018,6,10,AI,AI935,JFK,JAX,0511,0614,False
2018,6,10,AI,AI936,ATL,ROC,0512,1214,False
2018,6,10,AI,AI937,SYR,JFK,0515,0211,False
2018,6,10,AI,AI938,JFK,SEA,0511,0412,False
2018,6,10,AI,AI939,RSW,BUF,0512,0712,False
2018,6,10,AI,AI940,JFK,ABQ,0512,1112,False
2018,6,10,AI,AI941,MCO,LGA,0515,0311,False
2018,6,10,AI,AI942,BUF,BWI,0512,0811,False
2018,6,10,AI,AI943,ALB,TPA,0514,1013,False
2018,6,10,AI,AI944,PBI,HPN,0514,1215,False
2018,6,10,AI,AI945,ORD,SYR,0514,1114,False
2018,6,10,AI,AI946,PIT,LGA,0514,0213,False
2018,6,10,AI,AI947,CLT,SYR,0514,1114,False
2018,6,10,AI,AI948,DFW,LGA,0513,1014,False
2018,6,10,AI,AI949,AUS,JFK,0515,0413,False
2018,6,10,AI,AI950,ISP,MIA,0512,0415,False
2018,6,10,AI,AI951,JFK,BOS,0512,0814,False
2018,6,10,AI,AI952,ORD,BUF,0511,1013,False
2018,6,10,AI,AI953,BWI,ISP,0513,0011,False
2018,6,10,AI,AI954,ALB,CLT,0512,1311,False
2018,6,10,AI,AI955,MIA,JFK,0512,1313,False
2018,6,10,AI,AI956,BUF,LAS,0513,1215,False
2018,6,10,AI,AI957,SAV,LGA,0511,0914,False
2018,6,10,AI,AI958,ALB,TPA,0511,0313,False
2018,6,10,AI,AI959,LGA,TPA,0512,0711,False
2018,6,10,AI,AI960,ALB,TPA,0512,1312,False
2018,6,10,AI,AI961,MSY,JFK,0516,1213,False
2018,6,10,AI,AI962,ALB,BWI,0514,0312,False
2018,6,10,AI,AI963,CLE,LGA,0514,0913,False
2018,6,10,AI,AI964,DFW,LGA,0515,0513,False
2018,6,10,AI,AI965,JFK,ORD,0513,0216,False
2018,6,10,AI,AI966,BGM,DTW,0516,0012,False
2018,6,10,AI,AI967,JFK,RSW,0516,0114,False
2018,6,10,AI,AI968,JFK,ABQ,0516,0316,False
2018,6,10,AI,AI969,ATL,ALB,0514,0413,False
2018,6,10,AI,AI970,BOS,BUF,0514,0715,False
2018,6,10,AI,AI971,BUF,MDW,0512,0512,False
2018,6,10,AI,AI972,ISP,MCO,0514,0815,False
2018,6,10,AI,AI973,LGA,MDW,0513,0612,False
2018,6,10,AI,AI974,BUF,BWI,0515,0414,False
2018,6,10,AI,AI975,LGA,CVG,0515,0616,False
2018,6,10,AI,AI976,ATL,ALB,0516,0313,False
2018,6,10,AI,AI977,MEM,LGA,0513,0515,False
2018,6,10,AI,AI978,ORD,BUF,0516,0613,False
2018,6,10,AI,AI979,MSP,LGA,0515,0812,False
2018,6,10,AI,AI980,MSP,BUF,0515,0712,False
2018,6,10,AI,AI981,JFK,PBI,0514,0012,False
2018,6,10,AI,AI982,LGA,MCI,0516,0512,False
2018,6,10,AI,AI983,HOU,LGA,0515,0512,False
2018,6,10,AI,AI984,DFW,LGA,0516,0014,False
2018,6,10,AI,AI985,LGA,IND,0512,1015,False
2018,6,10,AI,AI986,BUF,DTW,0512,1312,False
2018,6,10,AI,AI987,ALB,BWI,0516,1313,False
2018,6,10,AI,AI988,SYR,JFK,0516,1113,False
2018,6,10,AI,AI989,ISP,TPA,0514,0114,False
2018,6,10,AI,AI990,HPN,RSW,0515,1313,False
2018,6,10,AI,AI991,BUF,PHX,0513,0714,False
2018,6,10,AI,AI992,MEM,LGA,0516,0016,False
2018,6,10,AI,AI993,DAL,LGA,0514,0513,False
2018,6,10,AI,AI994,DEN,LGA,0513,0215,False
2018,6,10,AI,AI995,ALB,MCO,0515,1013,False
2018,6,10,AI,AI996,LGB,JFK,0516,1314,False
2018,6,10,AI,AI997,JFK,JAC,0512,1112,False
2018,6,10,AI,AI998,JFK,ABQ,0516,1313,False
2018,6,10,AI,AI999,JFK,JAC,0512,0513,False
2018,6,10,AI,AI1000,BUF,CLT,0516,0214,False
2018,6,10,AI,AI1001,FLL,LGA,0516,1114,False
2018,6,10,AI,AI1002,JFK,FLL,0512,1315,False
2018,6,10,AI,AI1003,ISP,TPA,0516,1315,False
2018,6,10,AI,AI1004,BUF,PHX,0512,1013,False
2018,6,10,AI,AI1005,RNO,JFK,0513,1216,False
2018,6,10,AI,AI1006,JFK,JAC,0512,0212,False
2018,6,10,AI,AI1007,JFK,SJC,0514,1214,False
2018,6,10,AI,AI1008,ISP,PBI,0513,1112,False
2018,6,10,AI,AI1009,ALB,MCO,0514,0015,False
2018,6,10,AI,AI1010,JFK,FLL,0512,1113,False
2018,6,10,AI,AI1011,AUS,JFK,0513,0812,False
2018,6,10,AI,AI1012,JFK,SJC,0515,0313,False
2018,6,10,AI,AI1013,TPA,JFK,0513,0216,False
2018,6,10,AI,AI1014,DTW,JFK,0512,1115,False
2018,6,10,AI,AI1015,BUF,CLT,0515,1213,False
2018,6,10,AI,AI1016,LGA,MSN,0516,1012,False
2018,6,10,AI,AI1017,PBI,LGA,0516,0514,False
2018,6,10,AI,AI1018,ATL,BUF,0513,0013,False
2018,6,10,AI,AI1019,JFK,MCO,0513,0016,False
2018,6,10,AI,AI1020,JFK,ABQ,0515,0814,False
2018,6,10,AI,AI1021,EWR,BUF,0512,1214,False
2018,6,10,AI,AI1022,LGA,MSN,0514,1313,False
2018,6,10,AI,AI1023,ATL,ROC,0516,1113,False
2018,6,10,AI,AI1024,AUS,JFK,0516,0014,False
2018,6,10,AI,AI1025,JFK,SRQ,0515,0012,False
2018,6,10,AI,AI1026,EWR,BUF,0516,0014,False
2018,6,10,AI,AI1027,ALB,EWR,0512,1113,False
2018,6,10,AI,AI1028,MSP,BUF,0513,0715,False
2018,6,10,AI,AI1029,LGA,BUF,0516,0214,False
2018,6,10,AI,AI1030,JFK,PBI,0514,0416,False
2018,6,10,AI,AI1031,BUF,FLL,0516,1113,False
2018,6,10,AI,AI1032,ALB,TPA,0516,0414,False
2018,6,10,AI,AI1033,JFK,PHL,0512,1012,False
2018,6,10,AI,AI1034,LGA,ROC,0513,1013,False
2018,6,10,AI,AI1035,LGA,SRQ,0512,0416,False
2018,6,10,AI,AI1036,IAD,JFK,0514,0816,False
2018,6,10,AI,AI1037,JFK,ORD,0515,0514,False
2018,6,10,AI,AI1038,JFK,SRQ,0512,1014,False
2018,6,10,AI,AI1039,JFK,BOS,0513,1314,False
2018,6,10,AI,AI1040,JFK,DEN,0515,0013,False
2018,6,10,AI,AI1041,BUF,LAS,0516,0816,False
2018,6,10,AI,AI1042,LGA,DCA,0515,0917,False
2018,6,10,AI,AI1043,FLL,ISP,0516,1317,False
2018,6,10,AI,AI1044,HPN,MCO,0517,0513,False
2018,6,10,AI,AI1045,AUS,JFK,0514,0314,False
2018,6,10,AI,AI1046,BGM,DTW,0517,0115,False
2018,6,10,AI,AI1047,PHL,LGA,0514,0814,False
2018,6,10,AI,AI1048,EWR,SYR,0517,1113,False
2018,6,10,AI,AI1049,ATL,LGA,0514,0214,False
2018,6,10,AI,AI1050,AUS,JFK,0514,1113,False
2018,6,10,AI,AI1051,PHL,LGA,0514,1014,False
2018,6,10,AI,AI1052,EWR,BUF,0517,0313,False
2018,6,10,AI,AI1053,RIC,LGA,0513,0614,False
2018,6,10,AI,AI1054,PIT,LGA,0516,0717,False
2018,6,10,AI,AI1055,JFK,DAB,0514,0214,False
2018,6,10,AI,AI1056,LGA,MSN,0513,0817,False
2018,6,10,AI,AI1057,BGM,DTW,0514,0016,False
2018,6,10,AI,AI1058,MSP,LGA,0515,0613,False
2018,6,10,AI,AI1059,JFK,CLT,0515,1014,False
2018,6,10,AI,AI1060,GSP,LGA,0514,1016,False
2018,6,10,AI,AI1061,BUF,TPA,0516,1217,False
2018,6,10,AI,AI1062,FLL,ISP,0516,0417,False
2018,6,10,AI,AI1063,JFK,SLC,0517,1014,False
2018,6,10,AI,AI1064,RNO,JFK,0517,1214,False
2018,6,10,AI,AI1065,HOU,LGA,0513,0613,False
2018,6,10,AI,AI1066,PBI,LGA,0517,0214,False
2018,6,10,AI,AI1067,BUF,LAS,0513,1316,False
2018,6,10,AI,AI1068,JFK,ORD,0515,1013,False
2018,6,10,AI,AI1069,LGA,SRQ,0514,1313,False
2018,6,10,AI,AI1070,JFK,PHL,0514,0815,False
2018,6,10,AI,AI1071,SAT,JFK,0515,0016,False
2018,6,10,AI,AI1072,PIT,LGA,0516,0813,False
2018,6,10,AI,AI1073,JFK,PHL,0513,1015,False
2018,6,10,AI,AI1074,JFK,SJC,0513,0614,False
2018,6,10,AI,AI1075,ATL,JFK,0514,1317,False
2018,6,10,AI,AI1076,JFK,LAX,0515,1317,False
2018,6,10,AI,AI1077,ATL,JFK,0517,1315,False
2018,6,10,AI,AI1078,LGA,IND,0513,0416,False
2018,6,10,AI,AI1079,JFK,SMF,0515,1013,False
2018,6,10,AI,AI1080,DTW,LGA,0517,0717,False
2018,6,10,AI,AI1081,JFK,SJC,0515,0513,False
2018,6,10,AI,AI1082,LGA,BUF,0515,0613,False
2018,6,10,AI,AI1083,MCO,ROC,0517,0017,False
2018,6,10,AI,AI1084,MSP,BUF,0515,0914,False
2018,6,10,AI,AI1085,ALB,MDW,0516,0216,False
2018,6,10,AI,AI1086,ISP,MCO,0516,0614,False
2018,6,10,AI,AI1087,BOS,BUF,0517,0416,False
2018,6,10,AI,AI1088,ATL,BUF,0515,0715,False
2018,6,10,AI,AI1089,JFK,PDX,0517,0515,False
2018,6,10,AI,AI1090,ISP,TPA,0513,1213,False
2018,6,10,AI,AI1091,MSP,BUF,0516,0916,False
2018,6,10,AI,AI1092,MYR,LGA,0513,1213,False
2018,6,10,AI,AI1093,MEM,LGA,0515,1115,False
2018,6,10,AI,AI1094,BUF,FLL,0513,0617,False
2018,6,10,AI,AI1095,ALB,MCO,0513,1014,False
2018,6,10,AI,AI1096,AUS,JFK,0516,0216,False
2018,6,10,AI,AI1097,ALB,MDW,0515,0517,False
2018,6,10,AI,AI1098,ISP,MIA,0515,0216,False
2018,6,10,AI,AI1099,BGM,DTW,0514,1013,False
2018,6,10,AI,AI1100,ATL,ROC,0515,0913,False
2018,6,10,AI,AI1101,PWM,JFK,0516,0617,False
2018,6,10,AI,AI1102,SYR,JFK,0514,0813,False
2018,6,10,AI,AI1103,SAV,LGA,0515,0417,False
2018,6,10,AI,AI1104,JFK,FLL,0517,0316,False
2018,6,10,AI,AI1105,ISP,MIA,0515,0615,False
2018,6,10,AI,AI1106,MSP,SYR,0516,0715,False
2018,6,10,AI,AI1107,JFK,SMF,0517,1113,False
2018,6,10,AI,AI1108,JFK,OAK,0516,1015,False
2018,6,10,AI,AI1109,LGA,IAH,0517,0515,False
2018,6,10,AI,AI1110,BUF,BWI,0516,0316,False
2018,6,10,AI,AI1111,ALB,MCO,0515,1013,False
2018,6,10,AI,AI1112,JFK,PSP,0515,0915,False
2018,6,10,AI,AI1113,JFK,JAX,0514,1014,False
2018,6,10,AI,AI1114,DEN,LGA,0514,0817,False
2018,6,10,AI,AI1115,JFK,CLT,0513,1214,False
2018,6,10,AI,AI1116,FLL,LGA,0517,0417,False
2018,6,10,AI,AI1117,CLT,LGA,0514,0915,False
2018,6,10,AI,AI1118,LGA,BHM,0515,0115,False
2018,6,10,AI,AI1119,JFK,RDU,0514,0814,False
2018,6,10,AI,AI1120,JFK,PHL,0518,0414,False
2018,6,10,AI,AI1121,PIT,JFK,0517,0815,False
2018,6,10,AI,AI1122,LGA,IND,0517,1216,False
2018,6,10,AI,AI1123,HPN,DTW,0516,1216,False
2018,6,10,AI,AI1124,LGA,MDW,0517,0016,False
2018,6,10,AI,AI1125,SYR,DTW,0517,0317,False
2018,6,10,AI,AI1126,CLE,LGA,0516,0216,False
2018,6,10,AI,AI1127,DTW,JFK,0517,0618,False
2018,6,10,AI,AI1128,BUF,MDW,0518,0817,False
2018,6,10,AI,AI1129,MIA,BUF,0514,1014,False
2018,6,10,AI,AI1130,JFK,FLL,0518,1317,False
2018,6,10,AI,AI1131,ALB,EWR,0514,0117,False
2018,6,10,AI,AI1132,LGA,RDU,0516,0418,False
2018,6,10,AI,AI1133,XNA,LGA,0518,0515,False
2018,6,10,AI,AI1134,LGA,ROC,0517,1114,False
2018,6,10,AI,AI1135,JFK,SRQ,0514,1117,False
2018,6,10,AI,AI1136,ALB,EWR,0515,0514,False
2018,6,10,AI,AI1137,ORD,SYR,0516,0615,False
2018,6,10,AI,AI1138,PHL,LGA,0517,0817,False
2018,6,10,AI,AI1139,BUF,CLT,0517,0417,False
2018,6,10,AI,AI1140,BUF,LAS,0514,0114,False
2018,6,10,AI,AI1141,PIT,LGA,0516,0816,False
2018,6,10,AI,AI1142,JFK,CHS,0518,0514,False
2018,6,10,AI,AI1143,LGA,MCI,0515,0818,False
2018,6,10,AI,AI1144,ROC,ORD,0516,1014,False
2018,6,10,AI,AI1145,LGA,IAH,0515,0118,False
2018,6,10,AI,AI1146,ALB,MCO,0515,0317,False
2018,6,10,AI,AI1147,RNO,JFK,0516,0914,False
2018,6,10,AI,AI1148,JFK,MCO,0514,0517,False
2018,6,10,AI,AI1149,SYR,JFK,0518,0415,False
2018,6,10,AI,AI1150,JFK,LAS,0514,0418,False
2018,6,10,AI,AI1151,LGA,GSO,0517,0414,False
2018,6,10,AI,AI1152,BUF,DTW,0517,0114,False
2018,6,10,AI,AI1153,JFK,PHL,0518,0116,False
2018,6,10,AI,AI1154,BUF,LAS,0514,0817,False
2018,6,10,AI,AI1155,JFK,SFO,0516,0617,False
2018,6,10,AI,AI1156,DTW,ELM,0514,1316,False
2018,6,10,AI,AI1157,ROC,DTW,0515,0016,False
2018,6,10,AI,AI1158,LGA,BOS,0517,1014,False
2018,6,10,AI,AI1159,LGA,MKE,0518,0318,False
2018,6,10,AI,AI1160,EWR,SYR,0517,1117,False
2018,6,10,AI,AI1161,MIA,LGA,0514,0418,False
2018,6,10,AI,AI1162,JFK,SFO,0517,0115,False
2018,6,10,AI,AI1163,JFK,PDX,0516,0215,False
2018,6,10,AI,AI1164,ROC,ORD,0517,1218,False
2018,6,10,AI,AI1165,BGM,DTW,0517,0414,False
2018,6,10,AI,AI1166,SDF,LGA,0516,0416,False
2018,6,10,AI,AI1167,RSW,BUF,0514,0114,False
2018,6,10,AI,AI1168,HPN,RSW,0514,0015,False
2018,6,10,AI,AI1169,JFK,MCO,0517,1016,False
2018,6,10,AI,AI1170,ATL,ROC,0514,1215,False
2018,6,10,AI,AI1171,BTV,JFK,0514,0314,False
2018,6,10,AI,AI1172,MYR,LGA,0516,0516,False
2018,6,10,AI,AI1173,LGB,JFK,0514,0716,False
2018,6,10,AI,AI1174,SWF,FLL,0515,1115,False
2018,6,10,AI,AI1175,JFK,RDU,0518,0115,False
2018,6,10,AI,AI1176,JFK,SFO,0518,0718,False
2018,6,10,AI,AI1177,LGA,BHM,0517,1117,False
2018,6,10,AI,AI1178,ALB,EWR,0516,0017,False
2018,6,10,AI,AI1179,BUF,DTW,0514,0615,False
2018,6,10,AI,AI1180,ATL,SYR,0518,0415,False
2018,6,10,AI,AI1181,HPN,RSW,0517,0014,False
2018,6,10,AI,AI1182,JFK,CHS,0516,0417,False
2018,6,10,AI,AI1183,BUF,FLL,0518,0617,False
2018,6,10,AI,AI1184,LGA,MSY,0515,0917,False
2018,6,10,AI,AI1185,ATL,SYR,0515,1318,False
2018,6,10,AI,AI1186,XNA,LGA,0518,1315,False
2018,6,10,AI,AI1187,MIA,JFK,0518,1217,False
2018,6,10,AI,AI1188,LGA,DCA,0518,1117,False
2018,6,10,AI,AI1189,HOU,LGA,0515,1314,False
2018,6,10,AI,AI1190,ATL,SYR,0515,0518,False
2018,6,10,AI,AI1191,GSP,LGA,0516,0416,False
2018,6,10,AI,AI1192,LGA,MCI,0517,1114,False
2018,6,10,AI,AI1193,JFK,MCO,0518,1318,False
2018,6,10,AI,AI1194,JFK,ABQ,0514,1315,False
2018,6,10,AI,AI1195,ALB,CLT,0514,0317,False
2018,6,10,AI,AI1196,BUF,MCO,0514,0614,False
2018,6,10,AI,AI1197,JFK,PSP,0517,0015,False
2018,6,10,AI,AI1198,LGA,MKE,0517,0917,False
2018,6,10,AI,AI1199,AUS,JFK,0517,0015,False
2018,6,10,AI,AI1200,SAT,JFK,0516,0716,False
2018,6,10,AI,AI1201,GSP,LGA,0519,0116,False
2018,6,10,AI,AI1202,ATL,LGA,0516,0818,False
2018,6,10,AI,AI1203,ALB,DEN,0517,0619,False
2018,6,10,AI,AI1204,ORD,BUF,0516,0315,False
2018,6,10,AI,AI1205,PWM,JFK,0515,0718,False
2018,6,10,AI,AI1206,ISP,MCO,0516,0516,False
2018,6,10,AI,AI1207,ORD,BUF,0519,0719,False
2018,6,10,AI,AI1208,ALB,BWI,0518,0219,False
2018,6,10,AI,AI1209,JFK,BOS,0519,0117,False
2018,6,10,AI,AI1210,BGM,DTW,0518,0618,False
2018,6,10,AI,AI1211,JFK,PBI,0515,1116,False
2018,6,10,AI,AI1212,SYR,JFK,0519,1118,False
2018,6,10,AI,AI1213,LGA,GRR,0516,0618,False
2018,6,10,AI,AI1214,LGA,GRR,0516,0417,False
2018,6,10,AI,AI1215,ATL,ALB,0516,0315,False
2018,6,10,AI,AI1216,BUF,PHX,0515,0818,False
2018,6,10,AI,AI1217,BUF,CLT,0518,1315,False
2018,6,10,AI,AI1218,MIA,BUF,0516,0917,False
2018,6,10,AI,AI1219,LGB,JFK,0518,0417,False
2018,6,10,AI,AI1220,ALB,BWI,0516,0917,False
2018,6,10,AI,AI1221,JFK,ORD,0519,0117,False
2018,6,10,AI,AI1222,MCO,LGA,0517,1117,False
2018,6,10,AI,AI1223,ATL,SYR,0519,0915,False
2018,6,10,AI,AI1224,SYR,JFK,0517,0815,False
2018,6,10,AI,AI1225,MCO,ROC,0519,1319,False
2018,6,10,AI,AI1226,SYR,JFK,0515,1018,False
2018,6,10,AI,AI1227,ROC,JFK,0517,0416,False
2018,6,10,AI,AI1228,MIA,JFK,0516,0818,False
2018,6,10,AI,AI1229,LGA,MSN,0516,0315,False
2018,6,10,AI,AI1230,MCO,ROC,0516,0718,False
2018,6,10,AI,AI1231,ORF,LGA,0519,1315,False
2018,6,10,AI,AI1232,LGA,RDU,0515,0616,False
2018,6,10,AI,AI1233,ATL,SYR,0517,0617,False
2018,6,10,AI,AI1234,ROC,TPA,0519,0615,False
2018,6,10,AI,AI1235,ORD,LGA,0518,1116,False
2018,6,10,AI,AI1236,CHS,LGA,0519,0216,False
2018,6,10,AI,AI1237,XNA,LGA,0517,0215,False
2018,6,10,AI,AI1238,LGA,TPA,0515,1019,False
2018,6,10,AI,AI1239,DEN,LGA,0519,1015,False
2018,6,10,AI,AI1240,HOU,JFK,0518,0218,False
2018,6,10,AI,AI1241,ALB,DEN,0518,0817,False
2018,6,10,AI,AI1242,MCO,ROC,0518,0617,False
2018,6,10,AI,AI1243,MYR,LGA,0516,1315,False
2018,6,10,AI,AI1244,JFK,DEN,0516,1119,False
2018,6,10,AI,AI1245,LGA,BHM,0515,1316,False
2018,6,10,AI,AI1246,JFK,SJC,0518,0819,False
2018,6,10,AI,AI1247,JFK,RDU,0517,1017,False
2018,6,10,AI,AI1248,EWR,BUF,0516,0119,False
2018,6,10,AI,AI1249,ISP,MCO,0518,1019,False
2018,6,10,AI,AI1250,JFK,RDU,0519,1018,False
2018,6,10,AI,AI1251,DTW,ELM,0517,0318,False
2018,6,10,AI,AI1252,HOU,JFK,0518,0119,False
2018,6,10,AI,AI1253,LGA,MCI,0515,0216,False
2018,6,10,AI,AI1254,LGA,TPA,0515,0316,False
2018,6,10,AI,AI1255,JFK,EGE,0516,0619,False
2018,6,10,AI,AI1256,ISP,MIA,0519,0318,False
2018,6,10,AI,AI1257,SWF,FLL,0516,1016,False
2018,6,10,AI,AI1258,ALB,CLT,0516,1118,False
2018,6,10,AI,AI1259,JFK,SMF,0516,0419,False
2018,6,10,AI,AI1260,ATL,SYR,0515,1316,False
2018,6,10,AI,AI1261,SYR,DTW,0519,0019,False
2018,6,10,AI,AI1262,PHL,LGA,0518,1018,False
2018,6,10,AI,AI1263,ROC,TPA,0515,0916,False
2018,6,10,AI,AI1264,LGA,RDU,0517,0718,False
2018,6,10,AI,AI1265,MSP,SYR,0516,1217,False
2018,6,10,AI,AI1266,HPN,DTW,0519,0216,False
2018,6,10,AI,AI1267,ORF,LGA,0516,0515,False
2018,6,10,AI,AI1268,ISP,MCO,0517,0217,False
2018,6,10,AI,AI1269,JFK,LAX,0515,0218,False
2018,6,10,AI,AI1270,MSP,BUF,0519,1319,False
2018,6,10,AI,AI1271,JFK,MCO,0517,1019,False
2018,6,10,AI,AI1272,FLL,LGA,0519,0718,False
2018,6,10,AI,AI1273,HPN,MCO,0516,1315,False
2018,6,10,AI,AI1274,JFK,CLT,0516,0719,False
2018,6,10,AI,AI1275,ALB,FLL,0519,0219,False
2018,6,10,AI,AI1276,DAL,LGA,0516,0219,False
2018,6,10,AI,AI1277,JFK,JAX,0515,0519,False
2018,6,10,AI,AI1278,JFK,MSP,0515,1015,False
2018,6,10,AI,AI1279,JFK,SAN,0515,0117,False
2018,6,10,AI,AI1280,JFK,EGE,0519,1219,False
2018,6,10,AI,AI1281,JFK,LAS,0518,0516,False
2018,6,10,AI,AI1282,LGA,STL,0516,1320,False
2018,6,10,AI,AI1283,SYR,DTW,0516,1320,False
2018,6,10,AI,AI1284,ALB,ORD,0520,1318,False
2018,6,10,AI,AI1285,JFK,SLC,0519,0420,False
2018,6,10,AI,AI1286,LGA,GRR,0517,1317,False
2018,6,10,AI,AI1287,LGA,BHM,0519,0819,False
2018,6,10,AI,AI1288,BUF,BWI,0518,0820,False
2018,6,10,AI,AI1289,ORD,SYR,0516,1216,False
2018,6,10,AI,AI1290,LGA,DCA,0520,1018,False
2018,6,10,AI,AI1291,SAV,LGA,0516,0517,False
2018,6,10,AI,AI1292,BUF,MCO,0518,0816,False
2018,6,10,AI,AI1293,BUF,DTW,0516,0618,False
2018,6,10,AI,AI1294,JFK,JAX,0518,0316,False
2018,6,10,AI,AI1295,ALB,MDW,0518,0620,False
2018,6,10,AI,AI1296,LGA,CVG,0519,1317,False
2018,6,10,AI,AI1297,SAT,JFK,0518,0917,False
2018,6,10,AI,AI1298,JFK,PBI,0517,0018,False
2018,6,10,AI,AI1299,JFK,BOS,0519,0119,False
2018,6,10,AI,AI1300,JFK,PHL,0518,0416,False
2018,6,10,AI,AI1301,JFK,BUF,0517,0716,False
2018,6,10,AI,AI1302,JFK,PDX,0516,0919,False
2018,6,10,AI,AI1303,JFK,SRQ,0520,0519,False
2018,6,10,AI,AI1304,MIA,JFK,0519,0118,False
2018,6,10,AI,AI1305,DTW,JFK,0517,0319,False
2018,6,10,AI,AI1306,LGA,RDU,0517,1317,False
2018,6,10,AI,AI1307,BUF,TPA,0519,0717,False
2018,6,10,AI,AI1308,CLT,LGA,0519,0818,False
2018,6,10,AI,AI1309,AUS,JFK,0516,0916,False
2018,6,10,AI,AI1310,MSP,LGA,0519,0119,False
2018,6,10,AI,AI1311,PIT,LGA,0517,0818,False
2018,6,10,AI,AI1312,ALB,FLL,0518,0616,False
2018,6,10,AI,AI1313,ORF,LGA,0518,0920,False
2018,6,10,AI,AI1314,LGA,MKE,0520,1019,False
2018,6,10,AI,AI1315,DAL,LGA,0516,0318,False
2018,6,10,AI,AI1316,CAE,LGA,0518,0920,False
2018,6,10,AI,AI1317,LGA,SRQ,0520,0218,False
2018,6,10,AI,AI1318,LGA,GSO,0520,0516,False
2018,6,10,AI,AI1319,ATL,ALB,0518,1317,False
2018,6,10,AI,AI1320,LGA,DCA,0519,1018,False
2018,6,10,AI,AI1321,BUF,CLT,0519,0018,False
2018,6,10,AI,AI1322,ISP,TPA,0516,0219,False
2018,6,10,AI,AI1323,LGA,MCI,0517,0420,False
2018,6,10,AI,AI1324,SYR,JFK,0518,0119,False
2018,6,10,AI,AI1325,BUF,MDW,0516,0118,False
2018,6,10,AI,AI1326,JFK,SEA,0516,0818,False
2018,6,10,AI,AI1327,RSW,BUF,0519,0119,False
2018,6,10,AI,AI1328,JFK,OAK,0517,0320,False
2018,6,10,AI,AI1329,JFK,DFW,0518,0517,False
2018,6,10,AI,AI1330,PHX,JFK,0519,0618,False
2018,6,10,AI,AI1331,JFK,EGE,0518,0419,False
2018,6,10,AI,AI1332,DTW,ALB,0517,0716,False
2018,6,10,AI,AI1333,HPN,ATL,0518,0320,False
2018,6,10,AI,AI1334,LGB,JFK,0516,0218,False
2018,6,10,AI,AI1335,MSP,BUF,0520,0320,False
2018,6,10,AI,AI1336,RSW,BUF,0519,0518,False
2018,6,10,AI,AI1337,BUF,TPA,0518,0120,False
2018,6,10,AI,AI1338,JFK,SJC,0520,0418,False
2018,6,10,AI,AI1339,HPN,RSW,0518,0920,False
2018,6,10,AI,AI1340,MCO,ROC,0520,1220,False
2018,6,10,AI,AI1341,ROC,TPA,0520,0417,False
2018,6,10,AI,AI1342,LGA,RDU,0516,0517,False
2018,6,10,AI,AI1343,PWM,JFK,0518,0416,False
2018,6,10,AI,AI1344,JFK,PSP,0516,1117,False
2018,6,10,AI,AI1345,JFK,SAN,0517,0818,False
2018,6,10,AI,AI1346,DTW,LGA,0517,0820,False
2018,6,10,AI,AI1347,HOU,JFK,0520,0816,False
2018,6,10,AI,AI1348,SYR,JFK,0518,0520,False
2018,6,10,AI,AI1349,JFK,RDU,0517,0817,False
2018,6,10,AI,AI1350,ISP,MIA,0516,0219,False
2018,6,10,AI,AI1351,ISP,PBI,0520,0918,False
2018,6,10,AI,AI1352,JFK,PHL,0520,0117,False
2018,6,10,AI,AI1353,DTW,LGA,0518,0517,False
2018,6,10,AI,AI1354,JFK,PSP,0516,0220,False
2018,6,10,AI,AI1355,LGA,RSW,0518,1117,False
2018,6,10,AI,AI1356,BUF,MDW,0517,1316,False
2018,6,10,AI,AI1357,LGA,GSO,0520,0516,False
2018,6,10,AI,AI1358,ORF,LGA,0519,0918,False
2018,6,10,AI,AI1359,EWR,BUF,0518,1120,False
2018,6,10,AI,AI1360,ORD,BUF,0520,0818,False
2018,6,10,AI,AI1361,ALB,FLL,0517,0819,False
2018,6,10,AI,AI1362,LGA,BUF,0517,0018,False
2018,6,10,AI,AI1363,PBI,HPN,0521,0220,False
2018,6,10,AI,AI1364,JFK,PSP,0519,0420,False
2018,6,10,AI,AI1365,FLL,LGA,0518,1217,False
2018,6,10,AI,AI1366,BNA,LGA,0519,1320,False
2018,6,10,AI,AI1367,LGA,MSY,0519,0221,False
2018,6,10,AI,AI1368,ATL,JFK,0521,0420,False
2018,6,10,AI,AI1369,SYR,FLL,0517,0017,False
2018,6,10,AI,AI1370,JFK,SJC,0518,1017,False
2018,6,10,AI,AI1371,BUF,TPA,0520,1318,False
2018,6,10,AI,AI1372,SDF,LGA,0517,0320,False
2018,6,10,AI,AI1373,HPN,MCO,0519,0717,False
2018,6,10,AI,AI1374,ALB,ORD,0521,1118,False
2018,6,10,AI,AI1375,ALB,BWI,0518,1217,False
2018,6,10,AI,AI1376,ROC,JFK,0520,1021,False
2018,6,10,AI,AI1377,AUS,JFK,0520,0917,False
2018,6,10,AI,AI1378,GSP,LGA,0520,0620,False
2018,6,10,AI,AI1379,JFK,DAB,0519,0820,False
2018,6,10,AI,AI1380,JFK,ORD,0520,1320,False
2018,6,10,AI,AI1381,MCO,LGA,0517,1121,False
2018,6,10,AI,AI1382,FLL,ISP,0520,1017,False
2018,6,10,AI,AI1383,AUS,JFK,0521,0420,False
2018,6,10,AI,AI1384,BUF,FLL,0521,1219,False
2018,6,10,AI,AI1385,ISP,TPA,0517,1020,False
2018,6,10,AI,AI1386,ALB,MDW,0517,0419,False
2018,6,10,AI,AI1387,DTW,LGA,0518,1320,False
2018,6,10,AI,AI1388,LGA,RSW,0521,1021,False
2018,6,10,AI,AI1389,JFK,FLL,0520,0919,False
2018,6,10,AI,AI1390,ALB,BWI,0517,0119,False
2018,6,10,AI,AI1391,LGA,BOS,0518,0720,False
2018,6,10,AI,AI1392,DTW,JFK,0519,0620,False
2018,6,10,AI,AI1393,MYR,LGA,0518,0619,False
2018,6,10,AI,AI1394,JFK,PHL,0518,0521,False
2018,6,10,AI,AI1395,JFK,SAV,0518,0721,False
2018,6,10,AI,AI1396,SAT,JFK,0519,0920,False
2018,6,10,AI,AI1397,EWR,BUF,0521,0917,False
2018,6,10,AI,AI1398,JFK,PDX,0518,1219,False
2018,6,10,AI,AI1399,LGA,RDU,0517,0221,False
2018,6,10,AI,AI1400,ATL,LGA,0520,0817,False
2018,6,10,AI,AI1401,SYR,MCO,0517,0918,False
2018,6,10,AI,AI1402,JFK,JAX,0518,0119,False
2018,6,10,AI,AI1403,DFW,LGA,0519,0119,False
2018,6,10,AI,AI1404,CLE,LGA,0520,0621,False
2018,6,10,AI,AI1405,JFK,BOS,0521,0521,False
2018,6,10,AI,AI1406,JFK,MCO,0519,1321,False
2018,6,10,AI,AI1407,MSP,LGA,0519,0018,False
2018,6,10,AI,AI1408,JFK,ABQ,0520,1218,False
2018,6,10,AI,AI1409,BUF,PHX,0518,0821,False
2018,6,10,AI,AI1410,JFK,SAV,0521,1020,False
2018,6,10,AI,AI1411,LGA,BHM,0519,1318,False
2018,6,10,AI,AI1412,GSP,LGA,0518,0419,False
2018,6,10,AI,AI1413,CLT,LGA,0521,0120,False
2018,6,10,AI,AI1414,ALB,EWR,0521,0521,False
2018,6,10,AI,AI1415,SWF,MCO,0520,0818,False
2018,6,10,AI,AI1416,JFK,DFW,0519,0317,False
2018,6,10,AI,AI1417,JFK,PDX,0517,0918,False
2018,6,10,AI,AI1418,PIT,JFK,0520,1120,False
2018,6,10,AI,AI1419,ALB,TPA,0521,0919,False
2018,6,10,AI,AI1420,ROC,JFK,0517,1020,False
2018,6,10,AI,AI1421,CLE,LGA,0521,0817,False
2018,6,10,AI,AI1422,HPN,FLL,0518,0018,False
2018,6,10,AI,AI1423,SYR,JFK,0521,0721,False
2018,6,10,AI,AI1424,ALB,BWI,0519,0519,False
2018,6,10,AI,AI1425,CHS,LGA,0521,0720,False
2018,6,10,AI,AI1426,ATL,SYR,0518,0818,False
2018,6,10,AI,AI1427,ATL,SYR,0519,0219,False
2018,6,10,AI,AI1428,RNO,JFK,0517,0119,False
2018,6,10,AI,AI1429,LGA,GSO,0521,0618,False
2018,6,10,AI,AI1430,BUF,BWI,0518,0618,False
2018,6,10,AI,AI1431,HPN,MCO,0517,0320,False
2018,6,10,AI,AI1432,LGA,GSO,0521,1121,False
2018,6,10,AI,AI1433,SYR,MCO,0518,0717,False
2018,6,10,AI,AI1434,JFK,DCA,0517,1018,False
2018,6,10,AI,AI1435,LGA,MSY,0521,0818,False
2018,6,10,AI,AI1436,JFK,DCA,0517,0821,False
2018,6,10,AI,AI1437,BTV,JFK,0520,0721,False
2018,6,10,AI,AI1438,JFK,MCO,0517,0919,False
2018,6,10,AI,AI1439,ALB,TPA,0517,0618,False
2018,6,10,AI,AI1440,JFK,SAN,0519,0521,False
2018,6,10,AI,AI1441,BUF,BWI,0519,1220,False
2018,6,10,AI,AI1442,LGA,STL,0522,0122,False
2018,6,10,AI,AI1443,BTV,JFK,0522,1122,False
2018,6,10,AI,AI1444,FLL,ISP,0522,0218,False
2018,6,10,AI,AI1445,EWR,ROC,0520,0822,False
2018,6,10,AI,AI1446,HOU,LGA,0518,1020,False
2018,6,10,AI,AI1447,ALB,TPA,0522,0021,False
2018,6,10,AI,AI1448,LGA,MSY,0520,0122,False
2018,6,10,AI,AI1449,MSP,BUF,0522,0018,False
2018,6,10,AI,AI1450,LGA,IAH,0520,0221,False
2018,6,10,AI,AI1451,LGA,MDW,0519,0318,False
2018,6,10,AI,AI1452,SWF,FLL,0520,0522,False
2018,6,10,AI,AI1453,BUF,MCO,0522,0321,False
2018,6,10,AI,AI1454,SWF,MCO,0520,1119,False
2018,6,10,AI,AI1455,BUF,LAS,0518,1218,False
2018,6,10,AI,AI1456,PBI,LGA,0519,0422,False
2018,6,10,AI,AI1457,PHL,LGA,0520,0119,False
2018,6,10,AI,AI1458,FLL,ISP,0521,1221,False
2018,6,10,AI,AI1459,XNA,LGA,0522,1319,False
2018,6,10,AI,AI1460,LGA,RDU,0522,0021,False
2018,6,10,AI,AI1461,ATL,ROC,0519,1022,False
2018,6,10,AI,AI1462,BUF,FLL,0518,0422,False
2018,6,10,AI,AI1463,SAT,JFK,0521,1022,False
2018,6,10,AI,AI1464,JFK,ABQ,0521,0422,False
2018,6,10,AI,AI1465,EWR,SYR,0520,1122,False
2018,6,10,AI,AI1466,HOU,JFK,0522,0318,False
2018,6,10,AI,AI1467,JFK,PDX,0519,0521,False
2018,6,10,AI,AI1468,LGA,MSN,0519,0818,False
2018,6,10,AI,AI1469,ROC,DTW,0520,0018,False
2018,6,10,AI,AI1470,MEM,LGA,0518,0222,False
2018,6,10,AI,AI1471,SDF,LGA,0520,0922,False
2018,6,10,AI,AI1472,FLL,LGA,0521,0819,False
2018,6,10,AI,AI1473,JFK,EGE,0518,0521,False
2018,6,10,AI,AI1474,ALB,EWR,0519,0719,False
2018,6,10,AI,AI1475,LGA,MCI,0521,1220,False
2018,6,10,AI,AI1476,PHX,JFK,0520,0922,False
2018,6,10,AI,AI1477,HPN,MCO,0522,0919,False
2018,6,10,AI,AI1478,LGA,SRQ,0520,0818,False
2018,6,10,AI,AI1479,LGA,IND,0522,0820,False
2018,6,10,AI,AI1480,FLL,LGA,0520,0922,False
2018,6,10,AI,AI1481,JFK,ORD,0521,1321,False
2018,6,10,AI,AI1482,EWR,ROC,0519,1319,False
2018,6,10,AI,AI1483,CHS,LGA,0522,1122,False
2018,6,10,AI,AI1484,SDF,LGA,0522,1118,False
2018,6,10,AI,AI1485,ORD,SYR,0522,0518,False
2018,6,10,AI,AI1486,PIT,JFK,0522,0819,False
2018,6,10,AI,AI1487,BUF,LAX,0522,0821,False
2018,6,10,AI,AI1488,LGA,MSY,0521,1322,False
2018,6,10,AI,AI1489,JFK,EGE,0518,0218,False
2018,6,10,AI,AI1490,MSY,JFK,0518,1221,False
2018,6,10,AI,AI1491,LGA,RSW,0521,0318,False
2018,6,10,AI,AI1492,HPN,ATL,0522,1022,False
2018,6,10,AI,AI1493,JFK,PHL,0522,0020,False
2018,6,10,AI,AI1494,JFK,LAX,0520,0220,False
2018,6,10,AI,AI1495,ALB,TPA,0520,0722,False
2018,6,10,AI,AI1496,LGA,MSN,0520,0420,False
2018,6,10,AI,AI1497,ATL,ALB,0521,0119,False
2018,6,10,AI,AI1498,HPN,ATL,0518,1321,False
2018,6,10,AI,AI1499,JFK,SFO,0520,0021,False
2018,6,10,AI,AI1500,SYR,FLL,0520,1321,False
2018,6,10,AI,AI1501,MSP,BUF,0521,0222,False
2018,6,10,AI,AI1502,CAE,LGA,0522,1321,False
2018,6,10,AI,AI1503,JFK,SJC,0520,0820,False
2018,6,10,AI,AI1504,PHL,LGA,0518,0218,False
2018,6,10,AI,AI1505,DAL,LGA,0518,1121,False
2018,6,10,AI,AI1506,LGA,ROC,0519,0420,False
2018,6,10,AI,AI1507,ISP,MCO,0521,0620,False
2018,6,10,AI,AI1508,ORD,SYR,0518,0521,False
2018,6,10,AI,AI1509,GSP,LGA,0521,1018,False
2018,6,10,AI,AI1510,RIC,LGA,0520,0322,False
2018,6,10,AI,AI1511,ORD,SYR,0518,0818,False
2018,6,10,AI,AI1512,SDF,LGA,0519,1122,False
2018,6,10,AI,AI1513,ORD,SYR,0521,0820,False
2018,6,10,AI,AI1514,ROC,JFK,0521,0720,False
2018,6,10,AI,AI1515,LGA,MSN,0522,1021,False
2018,6,10,AI,AI1516,LGA,GSO,0519,0420,False
2018,6,10,AI,AI1517,EWR,BUF,0519,0820,False
2018,6,10,AI,AI1518,ALB,TPA,0520,0620,False
2018,6,10,AI,AI1519,LGB,JFK,0519,0218,False
2018,6,10,AI,AI1520,DTW,LGA,0523,0422,False
2018,6,10,AI,AI1521,JFK,OAK,0522,0222,False
2018,6,10,AI,AI1522,PWM,JFK,0522,1123,False
2018,6,10,AI,AI1523,LGA,STL,0521,1019,False
2018,6,10,AI,AI1524,JFK,SLC,0521,1321,False
2018,6,10,AI,AI1525,JFK,OAK,0522,1020,False
2018,6,10,AI,AI1526,LGA,BUF,0522,1223,False
2018,6,10,AI,AI1527,PIT,LGA,0523,0719,False
2018,6,10,AI,AI1528,ORD,SYR,0521,0221,False
2018,6,10,AI,AI1529,JFK,SAV,0523,1120,False
2018,6,10,AI,AI1530,JFK,CHS,0521,1322,False
2018,6,10,AI,AI1531,JFK,ABQ,0519,1222,False
2018,6,10,AI,AI1532,FLL,LGA,0522,0019,False
2018,6,10,AI,AI1533,BTV,JFK,0519,0421,False
2018,6,10,AI,AI1534,LGA,SRQ,0522,0021,False
2018,6,10,AI,AI1535,LGA,MSN,0522,0722,False
2018,6,10,AI,AI1536,BUF,LAS,0523,0023,False
2018,6,10,AI,AI1537,BUF,MDW,0520,0621,False
2018,6,10,AI,AI1538,FLL,ISP,0523,1022,False
2018,6,10,AI,AI1539,BUF,MCO,0519,0619,False
2018,6,10,AI,AI1540,PBI,LGA,0520,0521,False
2018,6,10,AI,AI1541,ALB,FLL,0521,0320,False
2018,6,10,AI,AI1542,JFK,RSW,0520,0620,False
2018,6,10,AI,AI1543,JFK,RDU,0519,0620,False
2018,6,10,AI,AI1544,DFW,LGA,0523,0923,False
2018,6,10,AI,AI1545,ALB,TPA,0519,0619,False
2018,6,10,AI,AI1546,MSY,JFK,0522,0919,False
2018,6,10,AI,AI1547,MIA,JFK,0522,1119,False
2018,6,10,AI,AI1548,JFK,DFW,0520,0719,False
2018,6,10,AI,AI1549,LGA,MCI,0521,0220,False
2018,6,10,AI,AI1550,ATL,ALB,0520,0621,False
2018,6,10,AI,AI1551,ATL,ROC,0521,0120,False
2018,6,10,AI,AI1552,JFK,DCA,0523,1019,False
2018,6,10,AI,AI1553,ALB,DEN,0523,0723,False
2018,6,10,AI,AI1554,ALB,BWI,0520,1023,False
2018,6,10,AI,AI1555,EWR,BUF,0521,0123,False
2018,6,10,AI,AI1556,MSP,SYR,0522,1120,False
2018,6,10,AI,AI1557,LGA,IAH,0519,0421,False
2018,6,10,AI,AI1558,JFK,SJC,0521,0922,False
2018,6,10,AI,AI1559,MSP,BUF,0522,0821,False
2018,6,10,AI,AI1560,JFK,BUF,0520,1321,False
2018,6,10,AI,AI1561,ALB,MCO,0521,0122,False
2018,6,10,AI,AI1562,HPN,DTW,0522,1319,False
2018,6,10,AI,AI1563,ALB,FLL,0522,0121,False
2018,6,10,AI,AI1564,ALB,EWR,0521,1321,False
2018,6,10,AI,AI1565,PBI,HPN,0520,0619,False
2018,6,10,AI,AI1566,LGA,MSN,0521,0421,False
2018,6,10,AI,AI1567,BUF,LAX,0521,1319,False
2018,6,10,AI,AI1568,CHS,LGA,0522,0421,False
2018,6,10,AI,AI1569,LGA,GRR,0522,0023,False
2018,6,10,AI,AI1570,BUF,TPA,0522,0219,False
2018,6,10,AI,AI1571,JFK,BOS,0521,0020,False
2018,6,10,AI,AI1572,LGA,RDU,0521,0720,False
2018,6,10,AI,AI1573,LGA,SRQ,0520,0621,False
2018,6,10,AI,AI1574,BTV,JFK,0521,1320,False
2018,6,10,AI,AI1575,PBI,HPN,0519,0719,False
2018,6,10,AI,AI1576,ATL,LGA,0523,0522,False
2018,6,10,AI,AI1577,HPN,DTW,0519,0522,False
2018,6,10,AI,AI1578,EWR,BUF,0523,1221,False
2018,6,10,AI,AI1579,BGM,DTW,0523,1223,False
2018,6,10,AI,AI1580,JFK,DCA,0523,0321,False
2018,6,10,AI,AI1581,ALB,EWR,0521,1022,False
2018,6,10,AI,AI1582,EWR,SYR,0519,0619,False
2018,6,10,AI,AI1583,ROC,TPA,0522,0819,False
2018,6,10,AI,AI1584,BUF,PHX,0521,0619,False
2018,6,10,AI,AI1585,ALB,DEN,0519,0021,False
2018,6,10,AI,AI1586,MYR,LGA,0521,0319,False
2018,6,10,AI,AI1587,JFK,PSP,0519,0121,False
2018,6,10,AI,AI1588,BTV,JFK,0519,0422,False
2018,6,10,AI,AI1589,SAT,JFK,0522,0419,False
2018,6,10,AI,AI1590,BOS,BUF,0519,0222,False
2018,6,10,AI,AI1591,SDF,LGA,0523,1220,False
2018,6,10,AI,AI1592,BUF,TPA,0522,0519,False
2018,6,10,AI,AI1593,JFK,PSP,0522,0319,False
2018,6,10,AI,AI1594,LGA,IND,0520,0421,False
2018,6,10,AI,AI1595,MSY,ISP,0523,0420,False
2018,6,10,AI,AI1596,JFK,SEA,0523,0820,False
2018,6,10,AI,AI1597,ISP,MCO,0522,0220,False
2018,6,10,AI,AI1598,PHL,LGA,0520,1021,False
2018,6,10,AI,AI1599,SYR,MCO,0523,0122,False
2018,6,10,AI,AI1600,ALB,TPA,0522,0124,False
2018,6,10,AI,AI1601,ALB,FLL,0523,0321,False
2018,6,10,AI,AI1602,MSP,BUF,0521,0920,False
2018,6,10,AI,AI1603,SAV,LGA,0521,0420,False
2018,6,10,AI,AI1604,MSP,LGA,0524,0823,False
2018,6,10,AI,AI1605,ATL,ALB,0521,0521,False
2018,6,10,AI,AI1606,LGA,CVG,0523,1224,False
2018,6,10,AI,AI1607,RSW,BUF,0524,0822,False
2018,6,10,AI,AI1608,ORF,LGA,0522,0824,False
2018,6,10,AI,AI1609,MIA,LGA,0523,0224,False
2018,6,10,AI,AI1610,JFK,DEN,0522,0620,False
2018,6,10,AI,AI1611,MSY,JFK,0522,0622,False
2018,6,10,AI,AI1612,JFK,PDX,0524,0622,False
2018,6,10,AI,AI1613,TPA,JFK,0522,1022,False
2018,6,10,AI,AI1614,PIT,LGA,0520,0521,False
2018,6,10,AI,AI1615,JFK,OAK,0522,1223,False
2018,6,10,AI,AI1616,JFK,ABQ,0523,0721,False
2018,6,10,AI,AI1617,SYR,DTW,0521,0521,False
2018,6,10,AI,AI1618,SWF,FLL,0521,1124,False
2018,6,10,AI,AI1619,ALB,ORD,0522,0722,False
2018,6,10,AI,AI1620,BWI,ISP,0523,1321,False
2018,6,10,AI,AI1621,SAT,JFK,0524,1123,False
2018,6,10,AI,AI1622,SDF,LGA,0523,0922,False
2018,6,10,AI,AI1623,MSP,LGA,0524,0320,False
2018,6,10,AI,AI1624,JFK,CHS,0524,0924,False
2018,6,10,AI,AI1625,PBI,LGA,0521,0924,False
2018,6,10,AI,AI1626,EWR,ROC,0521,1022,False
2018,6,10,AI,AI1627,PIT,JFK,0521,0421,False
2018,6,10,AI,AI1628,ATL,ROC,0522,1121,False
2018,6,10,AI,AI1629,JFK,SEA,0522,1221,False
2018,6,10,AI,AI1630,JFK,BOS,0524,0624,False
2018,6,10,AI,AI1631,SWF,MCO,0522,0721,False
2018,6,10,AI,AI1632,ISP,TPA,0523,0424,False
2018,6,10,AI,AI1633,CLT,SYR,0520,0822,False
2018,6,10,AI,AI1634,JFK,RDU,0520,0124,False
2018,6,10,AI,AI1635,ALB,EWR,0524,0922,False
2018,6,10,AI,AI1636,LGA,MSN,0524,0422,False
2018,6,10,AI,AI1637,LGA,MCI,0523,1124,False
2018,6,10,AI,AI1638,CHS,LGA,0523,1120,False
2018,6,10,AI,AI1639,ROC,DTW,0522,0020,False
2018,6,10,AI,AI1640,ALB,MCO,0522,1224,False
2018,6,10,AI,AI1641,BUF,TPA,0523,0120,False
2018,6,10,AI,AI1642,JFK,BOS,0522,1124,False
2018,6,10,AI,AI1643,HPN,FLL,0524,0522,False
2018,6,10,AI,AI1644,BUF,TPA,0521,0821,False
2018,6,10,AI,AI1645,PIT,LGA,0522,0723,False
2018,6,10,AI,AI1646,HPN,RSW,0520,0522,False
2018,6,10,AI,AI1647,BNA,LGA,0521,0520,False
2018,6,10,AI,AI1648,HPN,MCO,0521,1120,False
2018,6,10,AI,AI1649,JFK,RDU,0520,1224,False
2018,6,10,AI,AI1650,BUF,FLL,0521,1323,False
2018,6,10,AI,AI1651,FLL,LGA,0524,1323,False
2018,6,10,AI,AI1652,MIA,BUF,0521,0221,False
2018,6,10,AI,AI1653,ISP,PBI,0521,1123,False
2018,6,10,AI,AI1654,JFK,DAB,0520,0821,False
2018,6,10,AI,AI1655,SDF,LGA,0520,0924,False
2018,6,10,AI,AI1656,LGA,MSY,0520,0424,False
2018,6,10,AI,AI1657,JFK,SAV,0520,0123,False
2018,6,10,AI,AI1658,ISP,MCO,0521,0424,False
2018,6,10,AI,AI1659,SYR,MCO,0521,0822,False
2018,6,10,AI,AI1660,PBI,LGA,0521,0621,False
2018,6,10,AI,AI1661,MSY,JFK,0522,0023,False
2018,6,10,AI,AI1662,PHX,JFK,0520,0323,False
2018,6,10,AI,AI1663,JFK,SAN,0523,0324,False
2018,6,10,AI,AI1664,JFK,CLT,0523,1224,False
2018,6,10,AI,AI1665,ALB,FLL,0522,1120,False
2018,6,10,AI,AI1666,JFK,EGE,0523,0621,False
2018,6,10,AI,AI1667,ALB,CLT,0521,0322,False
2018,6,10,AI,AI1668,BTV,JFK,0522,0924,False
2018,6,10,AI,AI1669,ALB,CLT,0521,1024,False
2018,6,10,AI,AI1670,MCO,ROC,0522,0823,False
2018,6,10,AI,AI1671,ALB,TPA,0520,0224,False
2018,6,10,AI,AI1672,JFK,CHS,0523,1224,False
2018,6,10,AI,AI1673,BWI,ISP,0521,0220,False
2018,6,10,AI,AI1674,BNA,LGA,0520,0823,False
2018,6,10,AI,AI1675,JFK,SAV,0523,0321,False
2018,6,10,AI,AI1676,BUF,LAS,0524,0920,False
2018,6,10,AI,AI1677,BUF,MDW,0521,0621,False
2018,6,10,AI,AI1678,ORD,SYR,0522,0923,False
2018,6,10,AI,AI1679,HPN,RSW,0523,0323,False
2018,6,10,AI,AI1680,ORD,SYR,0521,0123,False
2018,6,10,AI,AI1681,BUF,FLL,0524,0824,False
2018,6,10,AI,AI1682,JFK,DCA,0524,0921,False
2018,6,10,AI,AI1683,MSP,LGA,0525,0323,False
2018,6,10,AI,AI1684,EWR,SYR,0521,0023,False
2018,6,10,AI,AI1685,SYR,DTW,0521,0925,False
2018,6,10,AI,AI1686,CLT,SYR,0522,0021,False
2018,6,10,AI,AI1687,BGM,DTW,0524,0722,False
2018,6,10,AI,AI1688,AUS,JFK,0522,0325,False
2018,6,10,AI,AI1689,LGA,MSY,0524,0824,False
2018,6,10,AI,AI1690,LGA,IND,0525,1322,False
2018,6,10,AI,AI1691,DTW,LGA,0522,0223,False
2018,6,10,AI,AI1692,ATL,BUF,0524,0722,False
2018,6,10,AI,AI1693,ATL,LGA,0525,0224,False
2018,6,10,AI,AI1694,MCO,ROC,0524,1023,False
2018,6,10,AI,AI1695,ALB,DEN,0522,0622,False
2018,6,10,AI,AI1696,SYR,JFK,0524,0823,False
2018,6,10,AI,AI1697,JFK,CLT,0525,0922,False
2018,6,10,AI,AI1698,JFK,DAB,0524,0922,False
2018,6,10,AI,AI1699,LGA,GSO,0525,1024,False
2018,6,10,AI,AI1700,ISP,PBI,0524,0923,False
